accession,Orthogroup,HGT_status,protein_id,product,record_id,locus_tag,seq_type,oriC_strand,SCOG_location,label
GCF_008704495.1,OG0002076,non_monophyletic_diffrent_genus,WP_003949403.1,30S ribosomal protein S18,NZ_CP023699.1,CP970_RS21440,chromosome,negative,50.010149106508585,OG0002076: 30S ribosomal protein S18[60]
GCF_009857135.1,OG0002076,non_monophyletic_diffrent_genus,WP_003949403.1,30S ribosomal protein S18,NZ_CP047318.1,GSY65_RS18395,chromosome,positive,55.704069626190254,OG0002076: 30S ribosomal protein S18[60]
GCF_008705135.1,OG0002076,non_monophyletic_diffrent_genus,WP_003949403.1,30S ribosomal protein S18,NZ_CP023694.1,CP976_RS21860,chromosome,positive,50.60173326086598,OG0002076: 30S ribosomal protein S18[60]
GCF_003945525.1,OG0002076,non_monophyletic_diffrent_genus,WP_003949403.1,30S ribosomal protein S18,NZ_CP029601.1,DLM49_RS18320,chromosome,negative,49.51735786515363,OG0002076: 30S ribosomal protein S18[60]
GCF_006716135.1,OG0002076,non_monophyletic_diffrent_genus,WP_003949403.1,30S ribosomal protein S18,NZ_CP022310.1,CD934_RS15090,chromosome,positive,45.89475085626481,OG0002076: 30S ribosomal protein S18[60]
GCF_000444875.1,OG0002076,non_monophyletic_diffrent_genus,WP_003949403.1,30S ribosomal protein S18,NC_021985.1,B446_RS19095,chromosome,positive,52.89408522378724,OG0002076: 30S ribosomal protein S18[60]
GCF_001735805.1,OG0002076,non_monophyletic_diffrent_genus,WP_003949403.1,30S ribosomal protein S18,NZ_CP017248.1,BFF78_RS21365,chromosome,negative,47.80970059845666,OG0002076: 30S ribosomal protein S18[60]
GCF_017526105.1,OG0002076,non_monophyletic_diffrent_genus,WP_003949403.1,30S ribosomal protein S18,NZ_CP071839.1,S1361_RS19985,chromosome,positive,50.53263093181264,OG0002076: 30S ribosomal protein S18[60]
GCF_013046785.1,OG0002076,non_monophyletic_diffrent_genus,WP_003949403.1,30S ribosomal protein S18,NZ_CP053189.1,HKX69_RS17240,chromosome,negative,49.35904579860141,OG0002076: 30S ribosomal protein S18[60]
GCF_009834145.1,OG0002076,non_monophyletic_diffrent_genus,WP_003949403.1,30S ribosomal protein S18,NZ_CP047144.1,GR129_RS17610,chromosome,positive,50.59020802486364,OG0002076: 30S ribosomal protein S18[60]
GCF_004328625.1,OG0002076,non_monophyletic_diffrent_genus,WP_003949403.1,30S ribosomal protein S18,NZ_CP032229.1,D0Z67_RS14450,chromosome,positive,48.847541937573226,OG0002076: 30S ribosomal protein S18[60]
GCF_003955715.1,OG0002076,non_monophyletic_diffrent_genus,WP_003949403.1,30S ribosomal protein S18,NZ_CP034463.1,EJC51_RS24610,chromosome,positive,51.67159627965669,OG0002076: 30S ribosomal protein S18[60]
GCF_006516935.1,OG0002076,non_monophyletic_diffrent_genus,WP_003949403.1,30S ribosomal protein S18,NZ_CP041168.1,FJ654_RS20700,chromosome,positive,49.77208499389824,OG0002076: 30S ribosomal protein S18[60]
GCF_000349325.1,OG0002076,non_monophyletic_diffrent_genus,WP_003949403.1,30S ribosomal protein S18,NC_020504.1,BN159_RS22375,chromosome,negative,46.328039609495214,OG0002076: 30S ribosomal protein S18[60]
GCF_001941845.1,OG0002076,non_monophyletic_diffrent_genus,WP_005315025.1,30S ribosomal protein S18,NZ_CP018870.1,BSL84_RS18015,chromosome,negative,47.55791470413976,OG0002076: 30S ribosomal protein S18[60]
GCF_000612545.2,OG0002076,non_monophyletic_diffrent_genus,WP_005315025.1,30S ribosomal protein S18,NZ_CP097800.1,AW27_RS16985,chromosome,negative,48.263664203736525,OG0002076: 30S ribosomal protein S18[60]
GCF_003950035.1,OG0002076,non_monophyletic_diffrent_genus,WP_005315025.1,30S ribosomal protein S18,NZ_CP034350.1,D1J60_RS17655,chromosome,negative,47.89652734447078,OG0002076: 30S ribosomal protein S18[60]
GCF_000830005.1,OG0002076,non_monophyletic_diffrent_genus,WP_005315025.1,30S ribosomal protein S18,NZ_CP010407.1,SVTN_RS19110,chromosome,negative,51.64780264035469,OG0002076: 30S ribosomal protein S18[60]
GCF_008639165.1,OG0002076,non_monophyletic_diffrent_genus,WP_005315025.1,30S ribosomal protein S18,NZ_CP029197.1,DEJ43_RS18340,chromosome,negative,51.291949114155095,OG0002076: 30S ribosomal protein S18[60]
GCF_002094995.1,OG0002076,non_monophyletic_diffrent_genus,WP_003967857.1,30S ribosomal protein S18,NZ_CP015362.1,A6E92_RS15870,chromosome,positive,49.67700547544021,OG0002076: 30S ribosomal protein S18[60]
GCF_016906245.1,OG0002076,non_monophyletic_diffrent_genus,WP_003967857.1,30S ribosomal protein S18,NZ_CP070254.1,I6J43_RS16815,chromosome,negative,49.84316451400764,OG0002076: 30S ribosomal protein S18[60]
GCF_000092385.1,OG0002078,non_monophyletic_diffrent_genus,WP_003956441.1,50S ribosomal protein L36,NC_016582.1,SBI_RS30540,chromosome,positive,62.95082143004049,OG0002078: 50S ribosomal protein L36[60]
GCF_013394065.1,OG0002078,non_monophyletic_diffrent_genus,WP_003956441.1,50S ribosomal protein L36,NZ_CP040752.1,FGW37_RS13965,chromosome,negative,57.46665393971776,OG0002078: 50S ribosomal protein L36[60]
GCF_003970715.1,OG0002078,non_monophyletic_diffrent_genus,WP_003956441.1,50S ribosomal protein L36,NZ_CP034587.1,EKH77_RS13720,chromosome,negative,56.96721016663855,OG0002078: 50S ribosomal protein L36[60]
GCF_008704655.1,OG0002078,non_monophyletic_diffrent_genus,WP_003956441.1,50S ribosomal protein L36,NZ_CP023688.1,CP984_RS22315,chromosome,positive,55.69154187614048,OG0002078: 50S ribosomal protein L36[60]
GCF_000816025.1,OG0002078,non_monophyletic_diffrent_genus,WP_003956441.1,50S ribosomal protein L36,NZ_CP003987.1,GZL_RS23330,chromosome,positive,54.32254993528219,OG0002078: 50S ribosomal protein L36[60]
GCF_000935185.3,OG0002078,non_monophyletic_diffrent_genus,WP_003956441.1,50S ribosomal protein L36,NZ_CP026094.1,SE95_RS18680,chromosome,negative,54.34312909145866,OG0002078: 50S ribosomal protein L36[60]
GCF_003994375.1,OG0002078,non_monophyletic_diffrent_genus,WP_003956441.1,50S ribosomal protein L36,NZ_CP029042.1,DDE74_RS17405,chromosome,negative,54.956262918235225,OG0002078: 50S ribosomal protein L36[60]
GCF_011290345.1,OG0002078,non_monophyletic_diffrent_genus,WP_003956441.1,50S ribosomal protein L36,NZ_CP049782.1,G7Z12_RS20790,chromosome,positive,55.32371011109537,OG0002078: 50S ribosomal protein L36[60]
GCF_000009765.2,OG0002078,non_monophyletic_diffrent_genus,WP_003974245.1,50S ribosomal protein L36,NC_003155.5,SAVERM_RS25545,chromosome,positive,66.48379809980668,OG0002078: 50S ribosomal protein L36[60]
GCF_008704995.1,OG0002078,non_monophyletic_diffrent_genus,WP_003974245.1,50S ribosomal protein L36,NZ_CP023747.1,CP978_RS20235,chromosome,positive,57.37554304634995,OG0002078: 50S ribosomal protein L36[60]
GCF_009857135.1,OG0002078,non_monophyletic_diffrent_genus,WP_003998809.1,50S ribosomal protein L36,NZ_CP047318.1,GSY65_RS22580,chromosome,positive,67.8259695631462,OG0002078: 50S ribosomal protein L36[60]
GCF_014701095.1,OG0002078,non_monophyletic_diffrent_genus,WP_003974245.1,50S ribosomal protein L36,NZ_AP023439.1,IGS69_RS21135,chromosome,positive,60.314751975300624,OG0002078: 50S ribosomal protein L36[60]
GCF_004803895.1,OG0002078,non_monophyletic_diffrent_genus,WP_003974245.1,50S ribosomal protein L36,NZ_CP021978.1,CEB94_RS24440,chromosome,positive,59.28789779527332,OG0002078: 50S ribosomal protein L36[60]
GCF_008705135.1,OG0002078,non_monophyletic_diffrent_genus,WP_003998809.1,50S ribosomal protein L36,NZ_CP023694.1,CP976_RS26140,chromosome,positive,60.267330841250434,OG0002078: 50S ribosomal protein L36[60]
GCF_003945525.1,OG0002078,non_monophyletic_diffrent_genus,WP_003974245.1,50S ribosomal protein L36,NZ_CP029601.1,DLM49_RS14090,chromosome,negative,60.47476828164213,OG0002078: 50S ribosomal protein L36[60]
GCF_003369795.1,OG0002078,non_monophyletic_diffrent_genus,WP_003974245.1,50S ribosomal protein L36,NZ_CP026730.1,C4J65_RS20720,chromosome,negative,43.21400101289125,OG0002078: 50S ribosomal protein L36[60]
GCF_015244315.1,OG0002078,non_monophyletic_diffrent_genus,WP_003974245.1,50S ribosomal protein L36,NZ_CP043317.1,FYC74_RS15115,chromosome,negative,57.66358814171816,OG0002078: 50S ribosomal protein L36[60]
GCF_001267885.1,OG0002078,non_monophyletic_diffrent_genus,WP_003974245.1,50S ribosomal protein L36,NZ_CP012382.1,SAM23877_RS21450,chromosome,positive,57.50949549250115,OG0002078: 50S ribosomal protein L36[60]
GCF_000931445.1,OG0002078,non_monophyletic_diffrent_genus,WP_003998809.1,50S ribosomal protein L36,NZ_CP010849.1,TU94_RS19600,chromosome,negative,40.34031502644287,OG0002078: 50S ribosomal protein L36[60]
GCF_000444875.1,OG0002078,non_monophyletic_diffrent_genus,WP_003998809.1,50S ribosomal protein L36,NC_021985.1,B446_RS22290,chromosome,positive,61.59763324338128,OG0002078: 50S ribosomal protein L36[60]
GCF_001735805.1,OG0002078,non_monophyletic_diffrent_genus,WP_003974245.1,50S ribosomal protein L36,NZ_CP017248.1,BFF78_RS17380,chromosome,negative,56.66275352749597,OG0002078: 50S ribosomal protein L36[60]
GCF_017526105.1,OG0002078,non_monophyletic_diffrent_genus,WP_003998809.1,50S ribosomal protein L36,NZ_CP071839.1,S1361_RS23605,chromosome,positive,59.423512853293616,OG0002078: 50S ribosomal protein L36[60]
GCF_013046785.1,OG0002078,non_monophyletic_diffrent_genus,WP_003998809.1,50S ribosomal protein L36,NZ_CP053189.1,HKX69_RS13670,chromosome,negative,59.30588575946359,OG0002078: 50S ribosomal protein L36[60]
GCF_009834145.1,OG0002078,non_monophyletic_diffrent_genus,WP_003998809.1,50S ribosomal protein L36,NZ_CP047144.1,GR129_RS21195,chromosome,positive,60.36713476643701,OG0002078: 50S ribosomal protein L36[60]
GCF_004328625.1,OG0002078,non_monophyletic_diffrent_genus,WP_003974245.1,50S ribosomal protein L36,NZ_CP032229.1,D0Z67_RS17330,chromosome,positive,58.257951153767344,OG0002078: 50S ribosomal protein L36[60]
GCF_001685355.1,OG0002078,non_monophyletic_diffrent_genus,WP_003998809.1,50S ribosomal protein L36,NZ_CP016438.1,SLINC_RS27015,chromosome,positive,58.477918615407965,OG0002078: 50S ribosomal protein L36[60]
GCF_003955715.1,OG0002078,non_monophyletic_diffrent_genus,WP_003998809.1,50S ribosomal protein L36,NZ_CP034463.1,EJC51_RS29225,chromosome,positive,60.77238695795944,OG0002078: 50S ribosomal protein L36[60]
GCF_003443735.1,OG0002078,non_monophyletic_diffrent_genus,WP_003998809.1,50S ribosomal protein L36,NZ_CP031969.1,D1369_RS16085,chromosome,negative,61.61660044233483,OG0002078: 50S ribosomal protein L36[60]
GCF_000349325.1,OG0002078,non_monophyletic_diffrent_genus,WP_003998809.1,50S ribosomal protein L36,NC_020504.1,BN159_RS18095,chromosome,negative,55.889837755168976,OG0002078: 50S ribosomal protein L36[60]
GCF_003963535.1,OG0002078,non_monophyletic_diffrent_genus,WP_003998809.1,50S ribosomal protein L36,NZ_CP034539.1,EJ357_RS27815,chromosome,positive,56.89375344720219,OG0002078: 50S ribosomal protein L36[60]
GCF_008704715.1,OG0002078,non_monophyletic_diffrent_genus,WP_003998809.1,50S ribosomal protein L36,NZ_CP023689.1,CP983_RS17290,chromosome,negative,58.736949533791936,OG0002078: 50S ribosomal protein L36[60]
GCF_017639205.1,OG0002078,non_monophyletic_diffrent_genus,WP_003956441.1,50S ribosomal protein L36,NZ_CP071139.1,JYK04_RS25465,chromosome,positive,60.244991752112064,OG0002078: 50S ribosomal protein L36[60]
GCF_008642275.1,OG0002078,non_monophyletic_diffrent_genus,WP_003956441.1,50S ribosomal protein L36,NZ_CP029189.1,DEJ51_RS19960,chromosome,positive,57.7485387477607,OG0002078: 50S ribosomal protein L36[60]
GCF_002080455.1,OG0002078,non_monophyletic_diffrent_genus,WP_003956441.1,50S ribosomal protein L36,NZ_CP020555.1,B6R96_RS14805,chromosome,negative,57.50901252352788,OG0002078: 50S ribosomal protein L36[60]
GCF_001941845.1,OG0002078,non_monophyletic_diffrent_genus,WP_003956441.1,50S ribosomal protein L36,NZ_CP018870.1,BSL84_RS20085,chromosome,negative,42.023384469997104,OG0002078: 50S ribosomal protein L36[60]
GCF_000612545.2,OG0002078,non_monophyletic_diffrent_genus,WP_003956441.1,50S ribosomal protein L36,NZ_CP097800.1,AW27_RS13045,chromosome,negative,58.924888063253,OG0002078: 50S ribosomal protein L36[60]
GCF_008704535.1,OG0002078,non_monophyletic_diffrent_genus,WP_003956441.1,50S ribosomal protein L36,NZ_CP023701.1,CP968_RS13775,chromosome,negative,57.87975080519671,OG0002078: 50S ribosomal protein L36[60]
GCF_002028425.1,OG0002078,non_monophyletic_diffrent_genus,WP_003956441.1,50S ribosomal protein L36,NZ_CP020042.1,B4U46_RS21355,chromosome,negative,38.04144812468628,OG0002078: 50S ribosomal protein L36[60]
GCF_003950035.1,OG0002078,non_monophyletic_diffrent_genus,WP_003956441.1,50S ribosomal protein L36,NZ_CP034350.1,D1J60_RS20990,chromosome,negative,38.52873649193621,OG0002078: 50S ribosomal protein L36[60]
GCF_000830005.1,OG0002078,non_monophyletic_diffrent_genus,WP_003956441.1,50S ribosomal protein L36,NZ_CP010407.1,SVTN_RS22950,chromosome,negative,42.68966257673555,OG0002078: 50S ribosomal protein L36[60]
GCF_008639165.1,OG0002078,non_monophyletic_diffrent_genus,WP_003956441.1,50S ribosomal protein L36,NZ_CP029197.1,DEJ43_RS22065,chromosome,negative,42.27631648548885,OG0002078: 50S ribosomal protein L36[60]
GCF_008642375.1,OG0002078,non_monophyletic_diffrent_genus,WP_003956441.1,50S ribosomal protein L36,NZ_CP029194.1,DEJ46_RS15565,chromosome,positive,41.01950386307778,OG0002078: 50S ribosomal protein L36[60]
GCF_009832925.1,OG0002078,non_monophyletic_diffrent_genus,WP_003956441.1,50S ribosomal protein L36,NZ_CP047140.1,GLX30_RS15040,chromosome,negative,54.77851692623142,OG0002078: 50S ribosomal protein L36[60]
GCF_001278075.1,OG0002078,non_monophyletic_diffrent_genus,WP_003956441.1,50S ribosomal protein L36,NZ_CP011340.1,SPRI_RS15525,chromosome,negative,56.42966404581398,OG0002078: 50S ribosomal protein L36[60]
GCF_000364805.1,OG0002078,non_monophyletic_diffrent_genus,WP_003956441.1,50S ribosomal protein L36,NC_021055.1,F750_RS19865,chromosome,negative,40.73220512298576,OG0002078: 50S ribosomal protein L36[60]
GCF_008704555.1,OG0002078,non_monophyletic_diffrent_genus,WP_003956441.1,50S ribosomal protein L36,NZ_CP023702.1,CP967_RS13175,chromosome,positive,40.111391293772975,OG0002078: 50S ribosomal protein L36[60]
GCF_013364315.1,OG0002078,non_monophyletic_diffrent_genus,WP_003956441.1,50S ribosomal protein L36,NZ_CP054926.1,HUT09_RS21480,chromosome,negative,38.4165959224097,OG0002078: 50S ribosomal protein L36[60]
GCF_003610995.1,OG0002078,non_monophyletic_diffrent_genus,WP_003956441.1,50S ribosomal protein L36,NZ_CP032543.1,D6270_RS20755,chromosome,negative,36.84771367001216,OG0002078: 50S ribosomal protein L36[60]
GCF_002094995.1,OG0002078,non_monophyletic_diffrent_genus,WP_003956441.1,50S ribosomal protein L36,NZ_CP015362.1,A6E92_RS11830,chromosome,positive,38.37253580287087,OG0002078: 50S ribosomal protein L36[60]
GCF_000010605.1,OG0002078,non_monophyletic_diffrent_genus,WP_003956441.1,50S ribosomal protein L36,NC_010572.1,SGR_RS13880,chromosome,positive,38.86246890185959,OG0002078: 50S ribosomal protein L36[60]
GCF_001434355.1,OG0002078,non_monophyletic_diffrent_genus,WP_003956441.1,50S ribosomal protein L36,NZ_CM003601.1,JI76_RS22950,chromosome,positive,59.8377113600678,OG0002078: 50S ribosomal protein L36[60]
GCF_000261345.2,OG0002078,non_monophyletic_diffrent_genus,WP_003956441.1,50S ribosomal protein L36,NZ_CP013738.1,WQO_RS21485,chromosome,negative,36.10940288575668,OG0002078: 50S ribosomal protein L36[60]
GCF_016906245.1,OG0002078,non_monophyletic_diffrent_genus,WP_003956441.1,50S ribosomal protein L36,NZ_CP070254.1,I6J43_RS21160,chromosome,negative,37.66719920570912,OG0002078: 50S ribosomal protein L36[60]
GCF_008704535.1,OG0002079,non_monophyletic_diffrent_genus,WP_037792011.1,50S ribosomal protein L22,NZ_CP023701.1,CP968_RS13875,chromosome,negative,57.74763989988657,OG0002079: 50S ribosomal protein L22[60]
GCF_000364805.1,OG0002079,non_monophyletic_diffrent_genus,WP_004571827.1,50S ribosomal protein L22,NC_021055.1,F750_RS19770,chromosome,negative,40.86367922604205,OG0002079: 50S ribosomal protein L22[60]
GCF_000261345.2,OG0002079,non_monophyletic_diffrent_genus,WP_004571827.1,50S ribosomal protein L22,NZ_CP013738.1,WQO_RS21390,chromosome,negative,36.2418449306976,OG0002079: 50S ribosomal protein L22[60]
GCF_000092385.1,OG0002080,non_monophyletic_diffrent_genus,WP_009715874.1,50S ribosomal protein L29,NC_016582.1,SBI_RS30460,chromosome,positive,62.879913959347,OG0002080: 50S ribosomal protein L29[60]
GCF_003443735.1,OG0002080,non_monophyletic_diffrent_genus,WP_005481220.1,50S ribosomal protein L29,NZ_CP031969.1,D1369_RS16170,chromosome,negative,61.52576439988931,OG0002080: 50S ribosomal protein L29[60]
GCF_017639205.1,OG0002080,non_monophyletic_diffrent_genus,WP_008739703.1,50S ribosomal protein L29,NZ_CP071139.1,JYK04_RS25385,chromosome,positive,60.15124157201508,OG0002080: 50S ribosomal protein L29[60]
GCF_001941845.1,OG0002080,non_monophyletic_diffrent_genus,WP_008739703.1,50S ribosomal protein L29,NZ_CP018870.1,BSL84_RS20000,chromosome,negative,42.133944290823216,OG0002080: 50S ribosomal protein L29[60]
GCF_000612545.2,OG0002080,non_monophyletic_diffrent_genus,WP_007265907.1,50S ribosomal protein L29,NZ_CP097800.1,AW27_RS13125,chromosome,negative,58.812894740520406,OG0002080: 50S ribosomal protein L29[60]
GCF_008704535.1,OG0002080,non_monophyletic_diffrent_genus,WP_008739703.1,50S ribosomal protein L29,NZ_CP023701.1,CP968_RS13860,chromosome,negative,57.768862852128095,OG0002080: 50S ribosomal protein L29[60]
GCF_003950035.1,OG0002080,non_monophyletic_diffrent_genus,WP_007265907.1,50S ribosomal protein L29,NZ_CP034350.1,D1J60_RS20905,chromosome,negative,38.64316162047542,OG0002080: 50S ribosomal protein L29[60]
GCF_008704555.1,OG0002080,non_monophyletic_diffrent_genus,WP_014047786.1,50S ribosomal protein L29,NZ_CP023702.1,CP967_RS13260,chromosome,positive,40.22262167083775,OG0002080: 50S ribosomal protein L29[60]
GCF_009857135.1,OG0002082,non_monophyletic_diffrent_genus,WP_003974250.1,50S ribosomal protein L30,NZ_CP047318.1,GSY65_RS22550,chromosome,positive,67.76465168741383,OG0002082: 50S ribosomal protein L30[60]
GCF_014701095.1,OG0002082,non_monophyletic_diffrent_genus,WP_003974250.1,50S ribosomal protein L30,NZ_AP023439.1,IGS69_RS21105,chromosome,positive,60.25800023039277,OG0002082: 50S ribosomal protein L30[60]
GCF_004803895.1,OG0002082,non_monophyletic_diffrent_genus,WP_003974250.1,50S ribosomal protein L30,NZ_CP021978.1,CEB94_RS24410,chromosome,positive,59.239367492898445,OG0002082: 50S ribosomal protein L30[60]
GCF_008705135.1,OG0002082,non_monophyletic_diffrent_genus,WP_005481207.1,50S ribosomal protein L30,NZ_CP023694.1,CP976_RS26110,chromosome,positive,60.22091760037653,OG0002082: 50S ribosomal protein L30[60]
GCF_000444875.1,OG0002082,non_monophyletic_diffrent_genus,WP_003974250.1,50S ribosomal protein L30,NC_021985.1,B446_RS22260,chromosome,positive,61.5429971866057,OG0002082: 50S ribosomal protein L30[60]
GCF_001735805.1,OG0002082,non_monophyletic_diffrent_genus,WP_003998814.1,50S ribosomal protein L30,NZ_CP017248.1,BFF78_RS17410,chromosome,negative,56.61924365405402,OG0002082: 50S ribosomal protein L30[60]
GCF_017526105.1,OG0002082,non_monophyletic_diffrent_genus,WP_003998814.1,50S ribosomal protein L30,NZ_CP071839.1,S1361_RS23575,chromosome,positive,59.37601971483829,OG0002082: 50S ribosomal protein L30[60]
GCF_013046785.1,OG0002082,non_monophyletic_diffrent_genus,WP_003974250.1,50S ribosomal protein L30,NZ_CP053189.1,HKX69_RS13700,chromosome,negative,59.252312436751936,OG0002082: 50S ribosomal protein L30[60]
GCF_006516935.1,OG0002082,non_monophyletic_diffrent_genus,WP_003974250.1,50S ribosomal protein L30,NZ_CP041168.1,FJ654_RS25040,chromosome,positive,59.91749211226024,OG0002082: 50S ribosomal protein L30[60]
GCF_000349325.1,OG0002082,non_monophyletic_diffrent_genus,WP_003974250.1,50S ribosomal protein L30,NC_020504.1,BN159_RS18125,chromosome,negative,55.8452811927891,OG0002082: 50S ribosomal protein L30[60]
GCF_003963535.1,OG0002082,non_monophyletic_diffrent_genus,WP_003974250.1,50S ribosomal protein L30,NZ_CP034539.1,EJ357_RS27785,chromosome,positive,56.85348984470275,OG0002082: 50S ribosomal protein L30[60]
GCF_008642275.1,OG0002082,non_monophyletic_diffrent_genus,WP_005313525.1,50S ribosomal protein L30,NZ_CP029189.1,DEJ51_RS19930,chromosome,positive,57.6938543430016,OG0002082: 50S ribosomal protein L30[60]
GCF_000612545.2,OG0002082,non_monophyletic_diffrent_genus,WP_005313525.1,50S ribosomal protein L30,NZ_CP097800.1,AW27_RS13075,chromosome,negative,58.869430535319566,OG0002082: 50S ribosomal protein L30[60]
GCF_000364805.1,OG0002082,non_monophyletic_diffrent_genus,WP_003966943.1,50S ribosomal protein L30,NC_021055.1,F750_RS19835,chromosome,negative,40.78781089572861,OG0002082: 50S ribosomal protein L30[60]
GCF_000010605.1,OG0002082,non_monophyletic_diffrent_genus,WP_003966943.1,50S ribosomal protein L30,NC_010572.1,SGR_RS13910,chromosome,positive,38.91335862958843,OG0002082: 50S ribosomal protein L30[60]
GCF_003595545.1,OG0002086,non_monophyletic_diffrent_genus,WP_009714764.1,50S ribosomal protein L32,NZ_CP022545.1,CGL27_RS33185,chromosome,positive,66.30458940576499,OG0002086: 50S ribosomal protein L32[60]
GCF_000092385.1,OG0002086,non_monophyletic_diffrent_genus,WP_009714764.1,50S ribosomal protein L32,NC_016582.1,SBI_RS17080,chromosome,positive,38.02089743021575,OG0002086: 50S ribosomal protein L32[60]
GCF_011290345.1,OG0002086,non_monophyletic_diffrent_genus,WP_003951102.1,50S ribosomal protein L32,NZ_CP049782.1,G7Z12_RS10225,chromosome,positive,28.521051011951386,OG0002086: 50S ribosomal protein L32[60]
GCF_009857135.1,OG0002086,non_monophyletic_diffrent_genus,WP_003951102.1,50S ribosomal protein L32,NZ_CP047318.1,GSY65_RS26745,chromosome,positive,80.20459301805812,OG0002086: 50S ribosomal protein L32[60]
GCF_014701095.1,OG0002086,non_monophyletic_diffrent_genus,WP_003951102.1,50S ribosomal protein L32,NZ_AP023439.1,IGS69_RS25140,chromosome,positive,72.0332400432165,OG0002086: 50S ribosomal protein L32[60]
GCF_004803895.1,OG0002086,non_monophyletic_diffrent_genus,WP_003951102.1,50S ribosomal protein L32,NZ_CP021978.1,CEB94_RS28805,chromosome,positive,69.9927497440556,OG0002086: 50S ribosomal protein L32[60]
GCF_008704515.1,OG0002086,non_monophyletic_diffrent_genus,WP_003951102.1,50S ribosomal protein L32,NZ_CP023700.1,CP969_RS26920,chromosome,positive,79.70801875026784,OG0002086: 50S ribosomal protein L32[60]
GCF_006716135.1,OG0002086,non_monophyletic_diffrent_genus,WP_003951102.1,50S ribosomal protein L32,NZ_CP022310.1,CD934_RS09245,chromosome,positive,29.15263485953472,OG0002086: 50S ribosomal protein L32[60]
GCF_015244315.1,OG0002086,non_monophyletic_diffrent_genus,WP_003951102.1,50S ribosomal protein L32,NZ_CP043317.1,FYC74_RS11075,chromosome,negative,68.45378754335364,OG0002086: 50S ribosomal protein L32[60]
GCF_001267885.1,OG0002086,non_monophyletic_diffrent_genus,WP_003951102.1,50S ribosomal protein L32,NZ_CP012382.1,SAM23877_RS25285,chromosome,positive,68.12634725202734,OG0002086: 50S ribosomal protein L32[60]
GCF_000931445.1,OG0002086,non_monophyletic_diffrent_genus,WP_007493396.1,50S ribosomal protein L32,NZ_CP010849.1,TU94_RS23540,chromosome,negative,27.94660308492378,OG0002086: 50S ribosomal protein L32[60]
GCF_000444875.1,OG0002086,non_monophyletic_diffrent_genus,WP_003951102.1,50S ribosomal protein L32,NC_021985.1,B446_RS26295,chromosome,positive,72.87236376493199,OG0002086: 50S ribosomal protein L32[60]
GCF_001735805.1,OG0002086,non_monophyletic_diffrent_genus,WP_003951102.1,50S ribosomal protein L32,NZ_CP017248.1,BFF78_RS13160,chromosome,negative,66.40206752319942,OG0002086: 50S ribosomal protein L32[60]
GCF_017526105.1,OG0002086,non_monophyletic_diffrent_genus,WP_003951102.1,50S ribosomal protein L32,NZ_CP071839.1,S1361_RS27770,chromosome,positive,69.94769372202711,OG0002086: 50S ribosomal protein L32[60]
GCF_013046785.1,OG0002086,non_monophyletic_diffrent_genus,WP_003951102.1,50S ribosomal protein L32,NZ_CP053189.1,HKX69_RS09555,chromosome,negative,71.33976938264775,OG0002086: 50S ribosomal protein L32[60]
GCF_009834145.1,OG0002086,non_monophyletic_diffrent_genus,WP_003951102.1,50S ribosomal protein L32,NZ_CP047144.1,GR129_RS25020,chromosome,positive,71.2242317033081,OG0002086: 50S ribosomal protein L32[60]
GCF_004328625.1,OG0002086,non_monophyletic_diffrent_genus,WP_003951102.1,50S ribosomal protein L32,NZ_CP032229.1,D0Z67_RS20970,chromosome,positive,70.91212476710989,OG0002086: 50S ribosomal protein L32[60]
GCF_003955715.1,OG0002086,non_monophyletic_diffrent_genus,WP_003951102.1,50S ribosomal protein L32,NZ_CP034463.1,EJC51_RS34130,chromosome,positive,71.00320598823147,OG0002086: 50S ribosomal protein L32[60]
GCF_003963535.1,OG0002086,non_monophyletic_diffrent_genus,WP_003951102.1,50S ribosomal protein L32,NZ_CP034539.1,EJ357_RS32900,chromosome,positive,67.37182448815634,OG0002086: 50S ribosomal protein L32[60]
GCF_017639205.1,OG0002086,non_monophyletic_diffrent_genus,WP_003965982.1,50S ribosomal protein L32,NZ_CP071139.1,JYK04_RS29720,chromosome,positive,70.4448318038204,OG0002086: 50S ribosomal protein L32[60]
GCF_008642275.1,OG0002086,non_monophyletic_diffrent_genus,WP_003965982.1,50S ribosomal protein L32,NZ_CP029189.1,DEJ51_RS24025,chromosome,positive,69.08583192394478,OG0002086: 50S ribosomal protein L32[60]
GCF_001941845.1,OG0002086,non_monophyletic_diffrent_genus,WP_003965982.1,50S ribosomal protein L32,NZ_CP018870.1,BSL84_RS23955,chromosome,negative,31.035852970467896,OG0002086: 50S ribosomal protein L32[60]
GCF_000612545.2,OG0002086,non_monophyletic_diffrent_genus,WP_003965982.1,50S ribosomal protein L32,NZ_CP097800.1,AW27_RS09040,chromosome,negative,70.20172243147847,OG0002086: 50S ribosomal protein L32[60]
GCF_008704535.1,OG0002086,non_monophyletic_diffrent_genus,WP_003965982.1,50S ribosomal protein L32,NZ_CP023701.1,CP968_RS09820,chromosome,negative,69.52088199118103,OG0002086: 50S ribosomal protein L32[60]
GCF_003950035.1,OG0002086,non_monophyletic_diffrent_genus,WP_003965982.1,50S ribosomal protein L32,NZ_CP034350.1,D1J60_RS25330,chromosome,negative,25.72361312811792,OG0002086: 50S ribosomal protein L32[60]
GCF_000830005.1,OG0002086,non_monophyletic_diffrent_genus,WP_015036448.1,50S ribosomal protein L32,NZ_CP010407.1,SVTN_RS27065,chromosome,negative,32.33224414360343,OG0002086: 50S ribosomal protein L32[60]
GCF_008639165.1,OG0002086,non_monophyletic_diffrent_genus,WP_015036448.1,50S ribosomal protein L32,NZ_CP029197.1,DEJ43_RS26410,chromosome,negative,30.816908362067025,OG0002086: 50S ribosomal protein L32[60]
GCF_008642375.1,OG0002086,non_monophyletic_diffrent_genus,WP_015036448.1,50S ribosomal protein L32,NZ_CP029194.1,DEJ46_RS11215,chromosome,positive,29.785695640275843,OG0002086: 50S ribosomal protein L32[60]
GCF_000364805.1,OG0002086,non_monophyletic_diffrent_genus,WP_003965982.1,50S ribosomal protein L32,NC_021055.1,F750_RS23710,chromosome,negative,29.309796169300377,OG0002086: 50S ribosomal protein L32[60]
GCF_003610995.1,OG0002086,non_monophyletic_diffrent_genus,WP_003965982.1,50S ribosomal protein L32,NZ_CP032543.1,D6270_RS25070,chromosome,negative,23.630038100664336,OG0002086: 50S ribosomal protein L32[60]
GCF_002094995.1,OG0002086,non_monophyletic_diffrent_genus,WP_003965982.1,50S ribosomal protein L32,NZ_CP015362.1,A6E92_RS07555,chromosome,positive,25.36583843300804,OG0002086: 50S ribosomal protein L32[60]
GCF_000931445.1,OG0002120,non_monophyletic_diffrent_genus,WP_014675000.1,50S ribosomal protein L31,NZ_CP010849.1,TU94_RS22335,chromosome,negative,32.50541456529659,OG0002120: 50S ribosomal protein L31[60]
GCF_000444875.1,OG0002120,non_monophyletic_diffrent_genus,WP_019753312.1,50S ribosomal protein L31,NC_021985.1,B446_RS25225,chromosome,positive,69.93143295750899,OG0002120: 50S ribosomal protein L31[60]
GCF_001735805.1,OG0002120,non_monophyletic_diffrent_genus,WP_019753312.1,50S ribosomal protein L31,NZ_CP017248.1,BFF78_RS14320,chromosome,negative,63.74680016843064,OG0002120: 50S ribosomal protein L31[60]
GCF_013046785.1,OG0002120,non_monophyletic_diffrent_genus,WP_014675000.1,50S ribosomal protein L31,NZ_CP053189.1,HKX69_RS10785,chromosome,negative,67.76416273546128,OG0002120: 50S ribosomal protein L31[60]
GCF_003963535.1,OG0002167,non_monophyletic_diffrent_genus,WP_003975360.1,DUF4177 domain-containing protein,NZ_CP034539.1,EJ357_RS25655,chromosome,positive,52.8476219795625,OG0002167: DUF4177 domain-containing protein[57] | hypothetical protein[3]
GCF_001941845.1,OG0002167,non_monophyletic_diffrent_genus,WP_007264966.1,DUF4177 domain-containing protein,NZ_CP018870.1,BSL84_RS35505,chromosome,negative,51.408563231226125,OG0002167: DUF4177 domain-containing protein[57] | hypothetical protein[3]
GCF_002028425.1,OG0002167,non_monophyletic_diffrent_genus,WP_007264966.1,DUF4177 domain-containing protein,NZ_CP020042.1,B4U46_RS36575,chromosome,negative,51.414771592400704,OG0002167: DUF4177 domain-containing protein[57] | hypothetical protein[3]
GCF_008704555.1,OG0002167,non_monophyletic_diffrent_genus,WP_003967454.1,DUF4177 domain-containing protein,NZ_CP023702.1,CP967_RS18510,chromosome,positive,54.75797731390972,OG0002167: DUF4177 domain-containing protein[57] | hypothetical protein[3]
GCF_013364315.1,OG0002167,non_monophyletic_diffrent_genus,WP_003967454.1,DUF4177 domain-containing protein,NZ_CP054926.1,HUT09_RS15430,chromosome,negative,54.674614496210616,OG0002167: DUF4177 domain-containing protein[57] | hypothetical protein[3]
GCF_003610995.1,OG0002167,non_monophyletic_diffrent_genus,WP_003967454.1,DUF4177 domain-containing protein,NZ_CP032543.1,D6270_RS15230,chromosome,negative,52.55500197977562,OG0002167: DUF4177 domain-containing protein[57] | hypothetical protein[3]
GCF_001434355.1,OG0002167,non_monophyletic_diffrent_genus,WP_003967454.1,DUF4177 domain-containing protein,NZ_CM003601.1,JI76_RS39640,chromosome,positive,53.82479612602342,OG0002167: DUF4177 domain-containing protein[57] | hypothetical protein[3]
GCF_000261345.2,OG0002167,non_monophyletic_diffrent_genus,WP_003967454.1,DUF4177 domain-containing protein,NZ_CP013738.1,WQO_RS35790,chromosome,negative,42.38134923706837,OG0002167: DUF4177 domain-containing protein[57] | hypothetical protein[3]
GCF_016906245.1,OG0002167,non_monophyletic_diffrent_genus,WP_003967454.1,DUF4177 domain-containing protein,NZ_CP070254.1,I6J43_RS15220,chromosome,negative,54.51057317594682,OG0002167: DUF4177 domain-containing protein[57] | hypothetical protein[3]
GCF_002080455.1,OG0002186,non_monophyletic_diffrent_genus,WP_030008449.1,50S ribosomal protein L10,NZ_CP020555.1,B6R96_RS15040,chromosome,negative,56.97057209561636,OG0002186: 50S ribosomal protein L10[60]
GCF_013394065.1,OG0002190,non_monophyletic_diffrent_genus,WP_058046827.1,50S ribosomal protein L23,NZ_CP040752.1,FGW37_RS14075,chromosome,negative,57.31553227316808,OG0002190: 50S ribosomal protein L23[60]
GCF_003970715.1,OG0002190,non_monophyletic_diffrent_genus,WP_058046827.1,50S ribosomal protein L23,NZ_CP034587.1,EKH77_RS13835,chromosome,negative,56.8099325408195,OG0002190: 50S ribosomal protein L23[60]
GCF_001941845.1,OG0002190,non_monophyletic_diffrent_genus,WP_007265901.1,50S ribosomal protein L23,NZ_CP018870.1,BSL84_RS19970,chromosome,negative,42.17414186937066,OG0002190: 50S ribosomal protein L23[60]
GCF_000612545.2,OG0002190,non_monophyletic_diffrent_genus,WP_007265901.1,50S ribosomal protein L23,NZ_CP097800.1,AW27_RS13155,chromosome,negative,58.7709887640599,OG0002190: 50S ribosomal protein L23[60]
GCF_002028425.1,OG0002190,non_monophyletic_diffrent_genus,WP_007265901.1,50S ribosomal protein L23,NZ_CP020042.1,B4U46_RS21240,chromosome,negative,38.19288350961265,OG0002190: 50S ribosomal protein L23[60]
GCF_003950035.1,OG0002190,non_monophyletic_diffrent_genus,WP_007265901.1,50S ribosomal protein L23,NZ_CP034350.1,D1J60_RS20875,chromosome,negative,38.685084501623706,OG0002190: 50S ribosomal protein L23[60]
GCF_009857135.1,OG0002191,non_monophyletic_diffrent_genus,WP_004984529.1,30S ribosomal protein S19,NZ_CP047318.1,GSY65_RS22475,chromosome,positive,67.68209154758847,OG0002191: 30S ribosomal protein S19[60]
GCF_008705135.1,OG0002191,non_monophyletic_diffrent_genus,WP_003992359.1,30S ribosomal protein S19,NZ_CP023694.1,CP976_RS26035,chromosome,positive,60.15334900507707,OG0002191: 30S ribosomal protein S19[60]
GCF_017639205.1,OG0002191,non_monophyletic_diffrent_genus,WP_008739713.1,30S ribosomal protein S19,NZ_CP071139.1,JYK04_RS25365,chromosome,positive,60.12975184519063,OG0002191: 30S ribosomal protein S19[60]
GCF_008642275.1,OG0002191,non_monophyletic_diffrent_genus,WP_008739713.1,30S ribosomal protein S19,NZ_CP029189.1,DEJ51_RS19855,chromosome,positive,57.613944884678,OG0002191: 30S ribosomal protein S19[60]
GCF_002080455.1,OG0002191,non_monophyletic_diffrent_genus,WP_008739713.1,30S ribosomal protein S19,NZ_CP020555.1,B6R96_RS14910,chromosome,negative,57.37877073951355,OG0002191: 30S ribosomal protein S19[60]
GCF_000364805.1,OG0002191,non_monophyletic_diffrent_genus,WP_003966956.1,30S ribosomal protein S19,NC_021055.1,F750_RS19765,chromosome,negative,40.86887441293391,OG0002191: 30S ribosomal protein S19[60]
GCF_008704555.1,OG0002191,non_monophyletic_diffrent_genus,WP_003966956.1,30S ribosomal protein S19,NZ_CP023702.1,CP967_RS13280,chromosome,positive,40.24735272230181,OG0002191: 30S ribosomal protein S19[60]
GCF_003610995.1,OG0002191,non_monophyletic_diffrent_genus,WP_003966956.1,30S ribosomal protein S19,NZ_CP032543.1,D6270_RS20650,chromosome,negative,36.99245972130617,OG0002191: 30S ribosomal protein S19[60]
GCF_002094995.1,OG0002191,non_monophyletic_diffrent_genus,WP_003966956.1,30S ribosomal protein S19,NZ_CP015362.1,A6E92_RS11935,chromosome,positive,38.51163655561938,OG0002191: 30S ribosomal protein S19[60]
GCF_000010605.1,OG0002191,non_monophyletic_diffrent_genus,WP_003966956.1,30S ribosomal protein S19,NC_010572.1,SGR_RS13980,chromosome,positive,38.984807854125634,OG0002191: 30S ribosomal protein S19[60]
GCF_001434355.1,OG0002191,non_monophyletic_diffrent_genus,WP_003966956.1,30S ribosomal protein S19,NZ_CM003601.1,JI76_RS22850,chromosome,positive,59.71610732845806,OG0002191: 30S ribosomal protein S19[60]
GCF_000261345.2,OG0002191,non_monophyletic_diffrent_genus,WP_003966956.1,30S ribosomal protein S19,NZ_CP013738.1,WQO_RS21385,chromosome,negative,36.24698384501455,OG0002191: 30S ribosomal protein S19[60]
GCF_016906245.1,OG0002191,non_monophyletic_diffrent_genus,WP_003966956.1,30S ribosomal protein S19,NZ_CP070254.1,I6J43_RS21060,chromosome,negative,37.80310190302279,OG0002191: 30S ribosomal protein S19[60]
GCF_008704555.1,OG0002193,non_monophyletic_diffrent_genus,WP_014047785.1,50S ribosomal protein L16,NZ_CP023702.1,CP967_RS13265,chromosome,positive,40.225576207119325,OG0002193: 50S ribosomal protein L16[60]
GCF_000612545.2,OG0002194,non_monophyletic_diffrent_genus,WP_030008467.1,30S ribosomal protein S17,NZ_CP097800.1,AW27_RS13120,chromosome,negative,58.81587661432192,OG0002194: 30S ribosomal protein S17[60]
GCF_003994375.1,OG0002076,non_monophyletic_same_genus,WP_003978893.1,30S ribosomal protein S18,NZ_CP029042.1,DDE74_RS20365,chromosome,negative,47.98012550536038,OG0002076: 30S ribosomal protein S18[60]
GCF_011290345.1,OG0002076,non_monophyletic_same_genus,WP_003978893.1,30S ribosomal protein S18,NZ_CP049782.1,G7Z12_RS18030,chromosome,positive,48.705017351719725,OG0002076: 30S ribosomal protein S18[60]
GCF_001267885.1,OG0002076,non_monophyletic_same_genus,WP_003949403.1,30S ribosomal protein S18,NZ_CP012382.1,SAM23877_RS17770,chromosome,positive,48.042314852949325,OG0002076: 30S ribosomal protein S18[60]
GCF_003443735.1,OG0002076,non_monophyletic_same_genus,WP_003949403.1,30S ribosomal protein S18,NZ_CP031969.1,D1369_RS20555,chromosome,negative,51.84041697455893,OG0002076: 30S ribosomal protein S18[60]
GCF_013364315.1,OG0002076,non_monophyletic_same_genus,WP_003967857.1,30S ribosomal protein S18,NZ_CP054926.1,HUT09_RS17260,chromosome,negative,49.45937439914445,OG0002076: 30S ribosomal protein S18[60]
GCF_003610995.1,OG0002076,non_monophyletic_same_genus,WP_003967857.1,30S ribosomal protein S18,NZ_CP032543.1,D6270_RS16995,chromosome,negative,47.221655015049336,OG0002076: 30S ribosomal protein S18[60]
GCF_000010605.1,OG0002076,non_monophyletic_same_genus,WP_003967857.1,30S ribosomal protein S18,NC_010572.1,SGR_RS18180,chromosome,positive,50.21262170560977,OG0002076: 30S ribosomal protein S18[60]
GCF_001434355.1,OG0002076,non_monophyletic_same_genus,WP_003967857.1,30S ribosomal protein S18,NZ_CM003601.1,JI76_RS17800,chromosome,positive,46.80768868089307,OG0002076: 30S ribosomal protein S18[60]
GCF_000261345.2,OG0002076,non_monophyletic_same_genus,WP_003967857.1,30S ribosomal protein S18,NZ_CP013738.1,WQO_RS17355,chromosome,negative,47.40057022234413,OG0002076: 30S ribosomal protein S18[60]
GCF_001941845.1,OG0002077,non_monophyletic_same_genus,WP_003953493.1,CarD family transcriptional regulator,NZ_CP018870.1,BSL84_RS15190,chromosome,negative,55.63123382176006,OG0002077: arD family transcriptional regulator[60]
GCF_003595545.1,OG0002078,non_monophyletic_same_genus,WP_003956441.1,50S ribosomal protein L36,NZ_CP022545.1,CGL27_RS27865,chromosome,positive,56.13497971410762,OG0002078: 50S ribosomal protein L36[60]
GCF_006716135.1,OG0002078,non_monophyletic_same_genus,WP_004984509.1,50S ribosomal protein L36,NZ_CP022310.1,CD934_RS18820,chromosome,positive,55.9725572938723,OG0002078: 50S ribosomal protein L36[60]
GCF_017639205.1,OG0002079,non_monophyletic_same_genus,WP_007265904.1,50S ribosomal protein L22,NZ_CP071139.1,JYK04_RS25370,chromosome,positive,60.13335378496264,OG0002079: 50S ribosomal protein L22[60]
GCF_002080455.1,OG0002079,non_monophyletic_same_genus,WP_007265904.1,50S ribosomal protein L22,NZ_CP020555.1,B6R96_RS14905,chromosome,negative,57.38284157811758,OG0002079: 50S ribosomal protein L22[60]
GCF_013394065.1,OG0002080,non_monophyletic_same_genus,WP_030368408.1,50S ribosomal protein L29,NZ_CP040752.1,FGW37_RS14045,chromosome,negative,57.356369631746254,OG0002080: 50S ribosomal protein L29[60]
GCF_003994375.1,OG0002080,non_monophyletic_same_genus,WP_018090896.1,50S ribosomal protein L29,NZ_CP029042.1,DDE74_RS17490,chromosome,negative,54.8626916654631,OG0002080: 50S ribosomal protein L29[60]
GCF_011290345.1,OG0002080,non_monophyletic_same_genus,WP_018090896.1,50S ribosomal protein L29,NZ_CP049782.1,G7Z12_RS20710,chromosome,positive,55.22632888121367,OG0002080: 50S ribosomal protein L29[60]
GCF_003369795.1,OG0002080,non_monophyletic_same_genus,WP_003974259.1,50S ribosomal protein L29,NZ_CP026730.1,C4J65_RS20635,chromosome,negative,43.32322582235778,OG0002080: 50S ribosomal protein L29[60]
GCF_017526105.1,OG0002080,non_monophyletic_same_genus,WP_003974259.1,50S ribosomal protein L29,NZ_CP071839.1,S1361_RS23525,chromosome,positive,59.3271930757352,OG0002080: 50S ribosomal protein L29[60]
GCF_003955715.1,OG0002080,non_monophyletic_same_genus,WP_059079052.1,50S ribosomal protein L29,NZ_CP034463.1,EJC51_RS29140,chromosome,positive,60.69050307644218,OG0002080: 50S ribosomal protein L29[60]
GCF_002094995.1,OG0002080,non_monophyletic_same_genus,WP_003966952.1,50S ribosomal protein L29,NZ_CP015362.1,A6E92_RS11915,chromosome,positive,38.48679950724359,OG0002080: 50S ribosomal protein L29[60]
GCF_000010605.1,OG0002080,non_monophyletic_same_genus,WP_003966952.1,50S ribosomal protein L29,NC_010572.1,SGR_RS13960,chromosome,positive,38.962926090305686,OG0002080: 50S ribosomal protein L29[60]
GCF_001434355.1,OG0002080,non_monophyletic_same_genus,WP_003966952.1,50S ribosomal protein L29,NZ_CM003601.1,JI76_RS22870,chromosome,positive,59.73816318548679,OG0002080: 50S ribosomal protein L29[60]
GCF_000261345.2,OG0002080,non_monophyletic_same_genus,WP_003966952.1,50S ribosomal protein L29,NZ_CP013738.1,WQO_RS21405,chromosome,negative,36.22232757069589,OG0002080: 50S ribosomal protein L29[60]
GCF_017639205.1,OG0002081,non_monophyletic_same_genus,WP_030011889.1,RNA-binding protein,NZ_CP071139.1,JYK04_RS29840,chromosome,positive,70.77085722620049,OG0002081: RNA-binding protein[60]
GCF_003994375.1,OG0002082,non_monophyletic_same_genus,WP_030074796.1,50S ribosomal protein L30,NZ_CP029042.1,DDE74_RS17435,chromosome,negative,54.90972384919632,OG0002082: 50S ribosomal protein L30[60]
GCF_011290345.1,OG0002082,non_monophyletic_same_genus,WP_006604889.1,50S ribosomal protein L30,NZ_CP049782.1,G7Z12_RS20760,chromosome,positive,55.27517876452115,OG0002082: 50S ribosomal protein L30[60]
GCF_008704515.1,OG0002082,non_monophyletic_same_genus,WP_004984515.1,50S ribosomal protein L30,NZ_CP023700.1,CP969_RS23170,chromosome,positive,68.2236033171184,OG0002082: 50S ribosomal protein L30[60]
GCF_006716135.1,OG0002082,non_monophyletic_same_genus,WP_004984515.1,50S ribosomal protein L30,NZ_CP022310.1,CD934_RS18790,chromosome,positive,55.916367832898416,OG0002082: 50S ribosomal protein L30[60]
GCF_003369795.1,OG0002082,non_monophyletic_same_genus,WP_003974250.1,50S ribosomal protein L30,NZ_CP026730.1,C4J65_RS20690,chromosome,negative,43.26857489488428,OG0002082: 50S ribosomal protein L30[60]
GCF_002080455.1,OG0002082,non_monophyletic_same_genus,WP_005313525.1,50S ribosomal protein L30,NZ_CP020555.1,B6R96_RS14835,chromosome,negative,57.45669285322322,OG0002082: 50S ribosomal protein L30[60]
GCF_008639165.1,OG0002082,non_monophyletic_same_genus,WP_015035589.1,50S ribosomal protein L30,NZ_CP029197.1,DEJ43_RS22030,chromosome,negative,42.33001621571337,OG0002082: 50S ribosomal protein L30[60]
GCF_013364315.1,OG0002082,non_monophyletic_same_genus,WP_015610734.1,50S ribosomal protein L30,NZ_CP054926.1,HUT09_RS21450,chromosome,negative,38.47281482392317,OG0002082: 50S ribosomal protein L30[60]
GCF_003610995.1,OG0002082,non_monophyletic_same_genus,WP_015610734.1,50S ribosomal protein L30,NZ_CP032543.1,D6270_RS20725,chromosome,negative,36.90792205901085,OG0002082: 50S ribosomal protein L30[60]
GCF_000935185.3,OG0002086,non_monophyletic_same_genus,WP_016578620.1,50S ribosomal protein L32,NZ_CP026094.1,SE95_RS27980,chromosome,negative,31.68649232483646,OG0002086: 50S ribosomal protein L32[60]
GCF_003994375.1,OG0002086,non_monophyletic_same_genus,WP_030087884.1,50S ribosomal protein L32,NZ_CP029042.1,DDE74_RS28535,chromosome,negative,28.33355943555243,OG0002086: 50S ribosomal protein L32[60]
GCF_008705135.1,OG0002086,non_monophyletic_same_genus,WP_003951102.1,50S ribosomal protein L32,NZ_CP023694.1,CP976_RS30800,chromosome,positive,71.05938945325781,OG0002086: 50S ribosomal protein L32[60]
GCF_003369795.1,OG0002086,non_monophyletic_same_genus,WP_006139588.1,50S ribosomal protein L32,NZ_CP026730.1,C4J65_RS24945,chromosome,negative,31.65615167070556,OG0002086: 50S ribosomal protein L32[60]
GCF_006516935.1,OG0002086,non_monophyletic_same_genus,WP_006139588.1,50S ribosomal protein L32,NZ_CP041168.1,FJ654_RS29570,chromosome,positive,70.75971054496155,OG0002086: 50S ribosomal protein L32[60]
GCF_003443735.1,OG0002086,non_monophyletic_same_genus,WP_006139588.1,50S ribosomal protein L32,NZ_CP031969.1,D1369_RS11705,chromosome,negative,71.91178109994443,OG0002086: 50S ribosomal protein L32[60]
GCF_001434355.1,OG0002086,non_monophyletic_same_genus,WP_003965982.1,50S ribosomal protein L32,NZ_CM003601.1,JI76_RS27665,chromosome,positive,72.34004880143769,OG0002086: 50S ribosomal protein L32[60]
GCF_000261345.2,OG0002086,non_monophyletic_same_genus,WP_003965982.1,50S ribosomal protein L32,NZ_CP013738.1,WQO_RS25955,chromosome,negative,22.931820275737586,OG0002086: 50S ribosomal protein L32[60]
GCF_001941845.1,OG0002116,non_monophyletic_same_genus,WP_030027381.1,F0F1 ATP synthase subunit epsilon,NZ_CP018870.1,BSL84_RS22985,chromosome,negative,33.91856911913645,OG0002116: F0F1 ATP synthase subunit epsilon[60]
GCF_001434355.1,OG0002116,non_monophyletic_same_genus,WP_003966248.1,F0F1 ATP synthase subunit epsilon,NZ_CM003601.1,JI76_RS26400,chromosome,positive,68.91795472338964,OG0002116: F0F1 ATP synthase subunit epsilon[60]
GCF_003595545.1,OG0002120,non_monophyletic_same_genus,WP_030823398.1,50S ribosomal protein L31,NZ_CP022545.1,CGL27_RS31940,chromosome,positive,63.86634398141242,OG0002120: 50S ribosomal protein L31[60]
GCF_003963535.1,OG0002120,non_monophyletic_same_genus,WP_030944953.1,50S ribosomal protein L31,NZ_CP034539.1,EJ357_RS31530,chromosome,positive,64.50092379633229,OG0002120: 50S ribosomal protein L31[60]
GCF_008704715.1,OG0002120,non_monophyletic_same_genus,WP_030944953.1,50S ribosomal protein L31,NZ_CP023689.1,CP983_RS13945,chromosome,negative,66.42524115479891,OG0002120: 50S ribosomal protein L31[60]
GCF_001941845.1,OG0002120,non_monophyletic_same_genus,WP_030008686.1,50S ribosomal protein L31,NZ_CP018870.1,BSL84_RS22910,chromosome,negative,34.11263548719755,OG0002120: 50S ribosomal protein L31[60]
GCF_000612545.2,OG0002120,non_monophyletic_same_genus,WP_030008686.1,50S ribosomal protein L31,NZ_CP097800.1,AW27_RS10070,chromosome,negative,67.10304969811855,OG0002120: 50S ribosomal protein L31[60]
GCF_002028425.1,OG0002120,non_monophyletic_same_genus,WP_007266580.1,50S ribosomal protein L31,NZ_CP020042.1,B4U46_RS24190,chromosome,negative,29.87091948927434,OG0002120: 50S ribosomal protein L31[60]
GCF_002094995.1,OG0002120,non_monophyletic_same_genus,WP_003966263.1,50S ribosomal protein L31,NZ_CP015362.1,A6E92_RS08920,chromosome,positive,29.547945796794423,OG0002120: 50S ribosomal protein L31[60]
GCF_000010605.1,OG0002120,non_monophyletic_same_genus,WP_003966263.1,50S ribosomal protein L31,NC_010572.1,SGR_RS10700,chromosome,positive,30.15552785425669,OG0002120: 50S ribosomal protein L31[60]
GCF_001434355.1,OG0002120,non_monophyletic_same_genus,WP_003966263.1,50S ribosomal protein L31,NZ_CM003601.1,JI76_RS26325,chromosome,positive,68.75530990191537,OG0002120: 50S ribosomal protein L31[60]
GCF_000261345.2,OG0002120,non_monophyletic_same_genus,WP_003966263.1,50S ribosomal protein L31,NZ_CP013738.1,WQO_RS24630,chromosome,negative,26.95632619409772,OG0002120: 50S ribosomal protein L31[60]
GCF_009857135.1,OG0002167,non_monophyletic_same_genus,WP_099966959.1,DUF4177 domain-containing protein,NZ_CP047318.1,GSY65_RS20535,chromosome,positive,61.94845794559868,OG0002167: DUF4177 domain-containing protein[57] | hypothetical protein[3]
GCF_014701095.1,OG0002167,non_monophyletic_same_genus,WP_097218487.1,DUF4177 domain-containing protein,NZ_AP023439.1,IGS69_RS18985,chromosome,positive,54.54350554906685,OG0002167: DUF4177 domain-containing protein[57] | hypothetical protein[3]
GCF_003369795.1,OG0002167,non_monophyletic_same_genus,WP_003975360.1,DUF4177 domain-containing protein,NZ_CP026730.1,C4J65_RS14655,chromosome,negative,58.73610998396427,OG0002167: DUF4177 domain-containing protein[57] | hypothetical protein[3]
GCF_015244315.1,OG0002167,non_monophyletic_same_genus,WP_003975360.1,DUF4177 domain-containing protein,NZ_CP043317.1,FYC74_RS17405,chromosome,negative,51.82927989945679,OG0002167: DUF4177 domain-containing protein[57] | hypothetical protein[3]
GCF_017639205.1,OG0002167,non_monophyletic_same_genus,WP_007264966.1,DUF4177 domain-containing protein,NZ_CP071139.1,JYK04_RS23505,chromosome,positive,55.66845574091569,OG0002167: DUF4177 domain-containing protein[57] | hypothetical protein[3]
GCF_008642275.1,OG0002167,non_monophyletic_same_genus,WP_007264966.1,DUF4177 domain-containing protein,NZ_CP029189.1,DEJ51_RS18165,chromosome,positive,53.01113426635049,OG0002167: DUF4177 domain-containing protein[57] | hypothetical protein[3]
GCF_000612545.2,OG0002167,non_monophyletic_same_genus,WP_007264966.1,DUF4177 domain-containing protein,NZ_CP097800.1,AW27_RS15145,chromosome,negative,53.32651318447482,OG0002167: DUF4177 domain-containing protein[57] | hypothetical protein[3]
GCF_000830005.1,OG0002167,non_monophyletic_same_genus,WP_015034547.1,DUF4177 domain-containing protein,NZ_CP010407.1,SVTN_RS43240,chromosome,negative,55.77763387571779,OG0002167: DUF4177 domain-containing protein[57] | hypothetical protein[3]
GCF_008639165.1,OG0002167,non_monophyletic_same_genus,WP_015034547.1,DUF4177 domain-containing protein,NZ_CP029197.1,DEJ43_RS16680,chromosome,negative,55.40162011210548,OG0002167: DUF4177 domain-containing protein[57] | hypothetical protein[3]
GCF_014701095.1,OG0002185,non_monophyletic_same_genus,WP_003992325.1,50S ribosomal protein L11,NZ_AP023439.1,IGS69_RS20915,chromosome,positive,59.84309484947826,OG0002185: 50S ribosomal protein L11[60]
GCF_004803895.1,OG0002185,non_monophyletic_same_genus,WP_003992325.1,50S ribosomal protein L11,NZ_CP021978.1,CEB94_RS24230,chromosome,positive,58.895678775360125,OG0002185: 50S ribosomal protein L11[60]
GCF_003369795.1,OG0002185,non_monophyletic_same_genus,WP_003974315.1,50S ribosomal protein L11,NZ_CP026730.1,C4J65_RS20355,chromosome,negative,44.0260860587744,OG0002185: 50S ribosomal protein L11[60]
GCF_003955715.1,OG0002185,non_monophyletic_same_genus,WP_079312374.1,50S ribosomal protein L11,NZ_CP034463.1,EJC51_RS28965,chromosome,positive,60.32381029531786,OG0002185: 50S ribosomal protein L11[60]
GCF_017639205.1,OG0002185,non_monophyletic_same_genus,WP_030008445.1,50S ribosomal protein L11,NZ_CP071139.1,JYK04_RS25230,chromosome,positive,59.77778137356039,OG0002185: 50S ribosomal protein L11[60]
GCF_008642275.1,OG0002185,non_monophyletic_same_genus,WP_030008445.1,50S ribosomal protein L11,NZ_CP029189.1,DEJ51_RS19710,chromosome,positive,57.180458664799446,OG0002185: 50S ribosomal protein L11[60]
GCF_002080455.1,OG0002185,non_monophyletic_same_genus,WP_030008445.1,50S ribosomal protein L11,NZ_CP020555.1,B6R96_RS15060,chromosome,negative,56.92516658810992,OG0002185: 50S ribosomal protein L11[60]
GCF_000364805.1,OG0002185,non_monophyletic_same_genus,WP_014154605.1,50S ribosomal protein L11,NC_021055.1,F750_RS19665,chromosome,negative,41.20007754248261,OG0002185: 50S ribosomal protein L11[60]
GCF_003610995.1,OG0002185,non_monophyletic_same_genus,WP_010058817.1,50S ribosomal protein L11,NZ_CP032543.1,D6270_RS20550,chromosome,negative,37.31773423038951,OG0002185: 50S ribosomal protein L11[60]
GCF_000261345.2,OG0002185,non_monophyletic_same_genus,WP_010058817.1,50S ribosomal protein L11,NZ_CP013738.1,WQO_RS21290,chromosome,negative,36.55542384805847,OG0002185: 50S ribosomal protein L11[60]
GCF_006516935.1,OG0002186,non_monophyletic_same_genus,WP_020135822.1,50S ribosomal protein L10,NZ_CP041168.1,FJ654_RS24880,chromosome,positive,59.63368630939407,OG0002186: 50S ribosomal protein L10[60]
GCF_017639205.1,OG0002186,non_monophyletic_same_genus,WP_030008449.1,50S ribosomal protein L10,NZ_CP071139.1,JYK04_RS25250,chromosome,positive,59.81742487683582,OG0002186: 50S ribosomal protein L10[60]
GCF_003994375.1,OG0002188,non_monophyletic_same_genus,WP_018090903.1,50S ribosomal protein L3,NZ_CP029042.1,DDE74_RS17530,chromosome,negative,54.81401576608217,OG0002188: 50S ribosomal protein L3[60]
GCF_017639205.1,OG0002188,non_monophyletic_same_genus,WP_007265899.1,50S ribosomal protein L3,NZ_CP071139.1,JYK04_RS25345,chromosome,positive,60.10192270436741,OG0002188: 50S ribosomal protein L3[60]
GCF_002080455.1,OG0002188,non_monophyletic_same_genus,WP_007265899.1,50S ribosomal protein L3,NZ_CP020555.1,B6R96_RS14930,chromosome,negative,57.34731881417599,OG0002188: 50S ribosomal protein L3[60]
GCF_001434355.1,OG0002189,non_monophyletic_same_genus,WP_003966959.1,50S ribosomal protein L4,NZ_CM003601.1,JI76_RS22835,chromosome,positive,59.694850596684,OG0002189: 50S ribosomal protein L4[60]
GCF_013364315.1,OG0002190,non_monophyletic_same_genus,WP_014154589.1,50S ribosomal protein L23,NZ_CP054926.1,HUT09_RS21370,chromosome,negative,38.566307627262006,OG0002190: 50S ribosomal protein L23[60]
GCF_002094995.1,OG0002190,non_monophyletic_same_genus,WP_003966958.1,50S ribosomal protein L23,NZ_CP015362.1,A6E92_RS11945,chromosome,positive,38.52717631315932,OG0002190: 50S ribosomal protein L23[60]
GCF_000010605.1,OG0002190,non_monophyletic_same_genus,WP_003966958.1,50S ribosomal protein L23,NC_010572.1,SGR_RS13990,chromosome,positive,38.99849858336057,OG0002190: 50S ribosomal protein L23[60]
GCF_000261345.2,OG0002190,non_monophyletic_same_genus,WP_003966958.1,50S ribosomal protein L23,NZ_CP013738.1,WQO_RS21375,chromosome,negative,36.262361158955294,OG0002190: 50S ribosomal protein L23[60]
GCF_016906245.1,OG0002190,non_monophyletic_same_genus,WP_003966958.1,50S ribosomal protein L23,NZ_CP070254.1,I6J43_RS21050,chromosome,negative,37.81811806657525,OG0002190: 50S ribosomal protein L23[60]
GCF_003994375.1,OG0002191,non_monophyletic_same_genus,WP_018090899.1,30S ribosomal protein S19,NZ_CP029042.1,DDE74_RS17510,chromosome,negative,54.8416082727551,OG0002191: 30S ribosomal protein S19[60]
GCF_014701095.1,OG0002191,non_monophyletic_same_genus,WP_003992359.1,30S ribosomal protein S19,NZ_AP023439.1,IGS69_RS21035,chromosome,positive,60.17607986032537,OG0002191: 30S ribosomal protein S19[60]
GCF_004803895.1,OG0002191,non_monophyletic_same_genus,WP_003992359.1,30S ribosomal protein S19,NZ_CP021978.1,CEB94_RS24340,chromosome,positive,59.169669957895344,OG0002191: 30S ribosomal protein S19[60]
GCF_003369795.1,OG0002191,non_monophyletic_same_genus,WP_003974263.1,30S ribosomal protein S19,NZ_CP026730.1,C4J65_RS20615,chromosome,negative,43.34721264860789,OG0002191: 30S ribosomal protein S19[60]
GCF_001267885.1,OG0002191,non_monophyletic_same_genus,WP_003974263.1,30S ribosomal protein S19,NZ_CP012382.1,SAM23877_RS21350,chromosome,positive,57.38279660016811,OG0002191: 30S ribosomal protein S19[60]
GCF_013046785.1,OG0002191,non_monophyletic_same_genus,WP_030641188.1,30S ribosomal protein S19,NZ_CP053189.1,HKX69_RS13770,chromosome,negative,59.17331513691394,OG0002191: 30S ribosomal protein S19[60]
GCF_009834145.1,OG0002191,non_monophyletic_same_genus,WP_003974263.1,30S ribosomal protein S19,NZ_CP047144.1,GR129_RS21090,chromosome,positive,60.23401533528681,OG0002191: 30S ribosomal protein S19[60]
GCF_006516935.1,OG0002191,non_monophyletic_same_genus,WP_007384069.1,30S ribosomal protein S19,NZ_CP041168.1,FJ654_RS24965,chromosome,positive,59.85041014946087,OG0002191: 30S ribosomal protein S19[60]
GCF_001941845.1,OG0002191,non_monophyletic_same_genus,WP_007265903.1,30S ribosomal protein S19,NZ_CP018870.1,BSL84_RS19980,chromosome,negative,42.15871675723537,OG0002191: 30S ribosomal protein S19[60]
GCF_000612545.2,OG0002191,non_monophyletic_same_genus,WP_007265903.1,30S ribosomal protein S19,NZ_CP097800.1,AW27_RS13145,chromosome,negative,58.787122831235926,OG0002191: 30S ribosomal protein S19[60]
GCF_000830005.1,OG0002191,non_monophyletic_same_genus,WP_015035577.1,30S ribosomal protein S19,NZ_CP010407.1,SVTN_RS22850,chromosome,negative,42.80496466617993,OG0002191: 30S ribosomal protein S19[60]
GCF_008642375.1,OG0002191,non_monophyletic_same_genus,WP_015035577.1,30S ribosomal protein S19,NZ_CP029194.1,DEJ46_RS15685,chromosome,positive,41.1654574173407,OG0002191: 30S ribosomal protein S19[60]
GCF_008704655.1,OG0002193,non_monophyletic_same_genus,WP_004571829.1,50S ribosomal protein L16,NZ_CP023688.1,CP984_RS22225,chromosome,positive,55.594897808539415,OG0002193: 50S ribosomal protein L16[60]
GCF_003994375.1,OG0002193,non_monophyletic_same_genus,WP_006604880.1,50S ribosomal protein L16,NZ_CP029042.1,DDE74_RS17495,chromosome,negative,54.85810021975382,OG0002193: 50S ribosomal protein L16[60]
GCF_006516935.1,OG0002193,non_monophyletic_same_genus,WP_004927269.1,50S ribosomal protein L16,NZ_CP041168.1,FJ654_RS24980,chromosome,positive,59.866701018759215,OG0002193: 50S ribosomal protein L16[60]
GCF_017639205.1,OG0002193,non_monophyletic_same_genus,WP_008739704.1,50S ribosomal protein L16,NZ_CP071139.1,JYK04_RS25380,chromosome,positive,60.14659784043207,OG0002193: 50S ribosomal protein L16[60]
GCF_002080455.1,OG0002193,non_monophyletic_same_genus,WP_008739704.1,50S ribosomal protein L16,NZ_CP020555.1,B6R96_RS14895,chromosome,negative,57.39780973852315,OG0002193: 50S ribosomal protein L16[60]
GCF_001941845.1,OG0002193,non_monophyletic_same_genus,WP_030026326.1,50S ribosomal protein L16,NZ_CP018870.1,BSL84_RS19995,chromosome,negative,42.13689747468502,OG0002193: 50S ribosomal protein L16[60]
GCF_008639165.1,OG0002193,non_monophyletic_same_genus,WP_015035580.1,50S ribosomal protein L16,NZ_CP029197.1,DEJ43_RS21970,chromosome,negative,42.38378890752787,OG0002193: 50S ribosomal protein L16[60]
GCF_013364315.1,OG0002193,non_monophyletic_same_genus,WP_003966953.1,50S ribosomal protein L16,NZ_CP054926.1,HUT09_RS21395,chromosome,negative,38.53006055468803,OG0002193: 50S ribosomal protein L16[60]
GCF_002094995.1,OG0002193,non_monophyletic_same_genus,WP_003966953.1,50S ribosomal protein L16,NZ_CP015362.1,A6E92_RS11920,chromosome,positive,38.48977464031106,OG0002193: 50S ribosomal protein L16[60]
GCF_000010605.1,OG0002193,non_monophyletic_same_genus,WP_003966953.1,50S ribosomal protein L16,NC_010572.1,SGR_RS13965,chromosome,positive,38.96554722137289,OG0002193: 50S ribosomal protein L16[60]
GCF_000261345.2,OG0002193,non_monophyletic_same_genus,WP_003966953.1,50S ribosomal protein L16,NZ_CP013738.1,WQO_RS21400,chromosome,negative,36.22527160345035,OG0002193: 50S ribosomal protein L16[60]
GCF_003595545.1,OG0002194,non_monophyletic_same_genus,WP_014054172.1,30S ribosomal protein S17,NZ_CP022545.1,CGL27_RS27785,chromosome,positive,56.06273661811479,OG0002194: 30S ribosomal protein S17[60]
GCF_017526105.1,OG0002194,non_monophyletic_same_genus,WP_014674375.1,30S ribosomal protein S17,NZ_CP071839.1,S1361_RS23530,chromosome,positive,59.32974610261641,OG0002194: 30S ribosomal protein S17[60]
GCF_003443735.1,OG0002194,non_monophyletic_same_genus,WP_007384073.1,30S ribosomal protein S17,NZ_CP031969.1,D1369_RS16165,chromosome,negative,61.528167810414686,OG0002194: 30S ribosomal protein S17[60]
GCF_002080455.1,OG0002194,non_monophyletic_same_genus,WP_030008467.1,30S ribosomal protein S17,NZ_CP020555.1,B6R96_RS14885,chromosome,negative,57.4058637361305,OG0002194: 30S ribosomal protein S17[60]
GCF_003994375.1,OG0002195,non_monophyletic_same_genus,WP_006604883.1,50S ribosomal protein L24,NZ_CP029042.1,DDE74_RS17475,chromosome,negative,54.87348539821642,OG0002195: 50S ribosomal protein L24[60]
GCF_008705135.1,OG0002195,non_monophyletic_same_genus,WP_003992365.1,50S ribosomal protein L24,NZ_CP023694.1,CP976_RS26070,chromosome,positive,60.185730086813,OG0002195: 50S ribosomal protein L24[60]
GCF_003369795.1,OG0002195,non_monophyletic_same_genus,WP_003974256.1,50S ribosomal protein L24,NZ_CP026730.1,C4J65_RS20650,chromosome,negative,43.30924206765415,OG0002195: 50S ribosomal protein L24[60]
GCF_001267885.1,OG0002195,non_monophyletic_same_genus,WP_003974256.1,50S ribosomal protein L24,NZ_CP012382.1,SAM23877_RS21385,chromosome,positive,57.41792450330807,OG0002195: 50S ribosomal protein L24[60]
GCF_003443735.1,OG0002195,non_monophyletic_same_genus,WP_003992365.1,50S ribosomal protein L24,NZ_CP031969.1,D1369_RS16155,chromosome,negative,61.536332968494186,OG0002195: 50S ribosomal protein L24[60]
GCF_008639165.1,OG0002195,non_monophyletic_same_genus,WP_015035583.1,50S ribosomal protein L24,NZ_CP029197.1,DEJ43_RS21990,chromosome,negative,42.368065684887405,OG0002195: 50S ribosomal protein L24[60]
GCF_008642375.1,OG0002195,non_monophyletic_same_genus,WP_015035583.1,50S ribosomal protein L24,NZ_CP029194.1,DEJ46_RS15650,chromosome,positive,41.13111609190809,OG0002195: 50S ribosomal protein L24[60]
GCF_001434355.1,OG0002195,non_monophyletic_same_genus,WP_007446729.1,50S ribosomal protein L24,NZ_CM003601.1,JI76_RS22885,chromosome,positive,59.74943085157755,OG0002195: 50S ribosomal protein L24[60]
GCF_014701095.1,OG0002196,non_monophyletic_same_genus,WP_030839657.1,50S ribosomal protein L5,NZ_AP023439.1,IGS69_RS21075,chromosome,positive,60.21883874899633,OG0002196: 50S ribosomal protein L5[60]
GCF_004803895.1,OG0002196,non_monophyletic_same_genus,WP_030839657.1,50S ribosomal protein L5,NZ_CP021978.1,CEB94_RS24380,chromosome,positive,59.20602262404291,OG0002196: 50S ribosomal protein L5[60]
GCF_008704515.1,OG0002197,non_monophyletic_same_genus,WP_004984520.1,30S ribosomal protein S8,NZ_CP023700.1,CP969_RS23150,chromosome,positive,68.196146547452,OG0002197: 30S ribosomal protein S8[60]
GCF_006716135.1,OG0002197,non_monophyletic_same_genus,WP_004984520.1,30S ribosomal protein S8,NZ_CP022310.1,CD934_RS18770,chromosome,positive,55.89062935157697,OG0002197: 30S ribosomal protein S8[60]
GCF_000444875.1,OG0002197,non_monophyletic_same_genus,WP_007384075.1,30S ribosomal protein S8,NC_021985.1,B446_RS22240,chromosome,positive,61.51889446598392,OG0002197: 30S ribosomal protein S8[60]
GCF_003955715.1,OG0002197,non_monophyletic_same_genus,WP_007384075.1,30S ribosomal protein S8,NZ_CP034463.1,EJC51_RS29175,chromosome,positive,60.71231376371743,OG0002197: 30S ribosomal protein S8[60]
GCF_017639205.1,OG0002197,non_monophyletic_same_genus,WP_007265911.1,30S ribosomal protein S8,NZ_CP071139.1,JYK04_RS25415,chromosome,positive,60.17662139379331,OG0002197: 30S ribosomal protein S8[60]
GCF_008642275.1,OG0002197,non_monophyletic_same_genus,WP_007265911.1,30S ribosomal protein S8,NZ_CP029189.1,DEJ51_RS19910,chromosome,positive,57.66813873056532,OG0002197: 30S ribosomal protein S8[60]
GCF_002080455.1,OG0002197,non_monophyletic_same_genus,WP_007265911.1,30S ribosomal protein S8,NZ_CP020555.1,B6R96_RS14855,chromosome,negative,57.431741743994856,OG0002197: 30S ribosomal protein S8[60]
GCF_000612545.2,OG0002197,non_monophyletic_same_genus,WP_007265911.1,30S ribosomal protein S8,NZ_CP097800.1,AW27_RS13095,chromosome,negative,58.84291315758471,OG0002197: 30S ribosomal protein S8[60]
GCF_008642375.1,OG0002197,non_monophyletic_same_genus,WP_015035585.1,30S ribosomal protein S8,NZ_CP029194.1,DEJ46_RS15630,chromosome,positive,41.11531838112725,OG0002197: 30S ribosomal protein S8[60]
GCF_013364315.1,OG0002197,non_monophyletic_same_genus,WP_007446728.1,30S ribosomal protein S8,NZ_CP054926.1,HUT09_RS21430,chromosome,negative,38.4956489394009,OG0002197: 30S ribosomal protein S8[60]
GCF_000010605.1,OG0002197,non_monophyletic_same_genus,WP_003966947.1,30S ribosomal protein S8,NC_010572.1,SGR_RS13930,chromosome,positive,38.934210663346256,OG0002197: 30S ribosomal protein S8[60]
GCF_002080455.1,OG0002198,non_monophyletic_same_genus,WP_030008470.1,50S ribosomal protein L6,NZ_CP020555.1,B6R96_RS14850,chromosome,negative,57.436989994379736,OG0002198: 50S ribosomal protein L6[60]
GCF_001434355.1,OG0002198,non_monophyletic_same_genus,WP_007446727.1,50S ribosomal protein L6,NZ_CM003601.1,JI76_RS22905,chromosome,positive,59.76898658816669,OG0002198: 50S ribosomal protein L6[60]
GCF_008705135.1,OG0002199,non_monophyletic_same_genus,WP_007494754.1,50S ribosomal protein L18,NZ_CP023694.1,CP976_RS26100,chromosome,positive,60.20983112350035,OG0002199: 50S ribosomal protein L18[60]
GCF_008642275.1,OG0002199,non_monophyletic_same_genus,WP_030008471.1,50S ribosomal protein L18,NZ_CP029189.1,DEJ51_RS19920,chromosome,positive,57.68054470624367,OG0002199: 50S ribosomal protein L18[60]
GCF_001941845.1,OG0002199,non_monophyletic_same_genus,WP_030026334.1,50S ribosomal protein L18,NZ_CP018870.1,BSL84_RS20045,chromosome,negative,42.08936967190918,OG0002199: 50S ribosomal protein L18[60]
GCF_013364315.1,OG0002199,non_monophyletic_same_genus,WP_015610732.1,50S ribosomal protein L18,NZ_CP054926.1,HUT09_RS21440,chromosome,negative,38.4834938481376,OG0002199: 50S ribosomal protein L18[60]
GCF_013046785.1,OG0002201,non_monophyletic_same_genus,WP_030641206.1,30S ribosomal protein S13,NZ_CP053189.1,HKX69_RS13665,chromosome,negative,59.30981387268845,OG0002201: 30S ribosomal protein S13[60]
GCF_009834145.1,OG0002201,non_monophyletic_same_genus,WP_037657579.1,30S ribosomal protein S13,NZ_CP047144.1,GR129_RS21200,chromosome,positive,60.37103762393012,OG0002201: 30S ribosomal protein S13[60]
GCF_017639205.1,OG0002201,non_monophyletic_same_genus,WP_007265919.1,30S ribosomal protein S13,NZ_CP071139.1,JYK04_RS25470,chromosome,positive,60.24847178007642,OG0002201: 30S ribosomal protein S13[60]
GCF_008642275.1,OG0002201,non_monophyletic_same_genus,WP_007265919.1,30S ribosomal protein S13,NZ_CP029189.1,DEJ51_RS19965,chromosome,positive,57.75260522261885,OG0002201: 30S ribosomal protein S13[60]
GCF_001941845.1,OG0002201,non_monophyletic_same_genus,WP_007265919.1,30S ribosomal protein S13,NZ_CP018870.1,BSL84_RS20090,chromosome,negative,42.015737833212086,OG0002201: 30S ribosomal protein S13[60]
GCF_000612545.2,OG0002201,non_monophyletic_same_genus,WP_007265919.1,30S ribosomal protein S13,NZ_CP097800.1,AW27_RS13040,chromosome,negative,58.92905469941314,OG0002201: 30S ribosomal protein S13[60]
GCF_008705135.1,OG0002232,non_monophyletic_same_genus,WP_007448661.1,YggT family protein,NZ_CP023694.1,CP976_RS12005,chromosome,positive,27.6597529183142,OG0002232: YggT family protein[60]
GCF_003369795.1,OG0002232,non_monophyletic_same_genus,WP_007448661.1,YggT family protein,NZ_CP026730.1,C4J65_RS07260,chromosome,negative,80.11411206111042,OG0002232: YggT family protein[60]
GCF_001267885.1,OG0002232,non_monophyletic_same_genus,WP_007448661.1,YggT family protein,NZ_CP012382.1,SAM23877_RS10170,chromosome,positive,27.180651594303427,OG0002232: YggT family protein[60]
GCF_009834145.1,OG0002232,non_monophyletic_same_genus,WP_037653106.1,YggT family protein,NZ_CP047144.1,GR129_RS09625,chromosome,positive,28.362001421151977,OG0002232: YggT family protein[60]
GCF_013364315.1,OG0002232,non_monophyletic_same_genus,WP_006123846.1,YggT family protein,NZ_CP054926.1,HUT09_RS07915,chromosome,negative,77.05990290816014,OG0002232: YggT family protein[60]
GCF_003610995.1,OG0002232,non_monophyletic_same_genus,WP_006123846.1,YggT family protein,NZ_CP032543.1,D6270_RS07475,chromosome,negative,77.67676577886694,OG0002232: YggT family protein[60]
GCF_000261345.2,OG0002232,non_monophyletic_same_genus,WP_006123846.1,YggT family protein,NZ_CP013738.1,WQO_RS08175,chromosome,negative,75.50291373813171,OG0002232: YggT family protein[60]
GCF_000261345.2,OG0002250,non_monophyletic_same_genus,WP_010057120.1,ubiquitin-like protein Pup,NZ_CP013738.1,WQO_RS05985,chromosome,negative,81.83216358412857,OG0002250: biquitin-like protein Pup[60]
GCF_008642275.1,OG0002260,non_monophyletic_same_genus,WP_030774590.1,phosphoribosyl-ATP diphosphatase,NZ_CP029189.1,DEJ51_RS05100,chromosome,positive,16.7006249590932,OG0002260: phosphoribosyl-ATP diphosphatase[60]
GCF_003994375.1,OG0002282,non_monophyletic_same_genus,WP_006602857.1,hypothetical protein,NZ_CP029042.1,DDE74_RS28575,chromosome,negative,28.27754160627838,OG0002282: hypothetical protein[60]
GCF_011290345.1,OG0002282,non_monophyletic_same_genus,WP_006602857.1,hypothetical protein,NZ_CP049782.1,G7Z12_RS10190,chromosome,positive,28.46641058588575,OG0002282: hypothetical protein[60]
GCF_014701095.1,OG0002282,non_monophyletic_same_genus,WP_030852030.1,hypothetical protein,NZ_AP023439.1,IGS69_RS25175,chromosome,positive,72.1015378783841,OG0002282: hypothetical protein[60]
GCF_004803895.1,OG0002282,non_monophyletic_same_genus,WP_030852030.1,hypothetical protein,NZ_CP021978.1,CEB94_RS28840,chromosome,positive,70.05619511614829,OG0002282: hypothetical protein[60]
GCF_015244315.1,OG0002282,non_monophyletic_same_genus,WP_003973418.1,hypothetical protein,NZ_CP043317.1,FYC74_RS11035,chromosome,negative,68.52815452252321,OG0002282: hypothetical protein[60]
GCF_017639205.1,OG0002282,non_monophyletic_same_genus,WP_030012524.1,hypothetical protein,NZ_CP071139.1,JYK04_RS29755,chromosome,positive,70.49925988449854,OG0002282: hypothetical protein[60]
GCF_008642275.1,OG0002282,non_monophyletic_same_genus,WP_030012524.1,hypothetical protein,NZ_CP029189.1,DEJ51_RS24060,chromosome,positive,69.14890746730005,OG0002282: hypothetical protein[60]
GCF_000612545.2,OG0002282,non_monophyletic_same_genus,WP_030032603.1,hypothetical protein,NZ_CP097800.1,AW27_RS09005,chromosome,negative,70.26773632514671,OG0002282: hypothetical protein[60]
GCF_000364805.1,OG0002282,non_monophyletic_same_genus,WP_014153825.1,hypothetical protein,NC_021055.1,F750_RS23745,chromosome,negative,29.223298300589263,OG0002282: hypothetical protein[60]
GCF_000261345.2,OG0002290,non_monophyletic_same_genus,WP_010061274.1,preprotein translocase subunit SecG,NZ_CP013738.1,WQO_RS07455,chromosome,negative,77.689370635455,OG0002290: preprotein translocase subunit SecG[60]
GCF_000816025.1,OG0002076,monophyletic,WP_003978893.1,30S ribosomal protein S18,NZ_CP003987.1,GZL_RS21130,chromosome,positive,49.55810317110352,OG0002076: 30S ribosomal protein S18[60]
GCF_014701095.1,OG0002076,monophyletic,WP_003949403.1,30S ribosomal protein S18,NZ_AP023439.1,IGS69_RS17185,chromosome,positive,49.49868410280597,OG0002076: 30S ribosomal protein S18[60]
GCF_000931445.1,OG0002076,monophyletic,WP_003949403.1,30S ribosomal protein S18,NZ_CP010849.1,TU94_RS16595,chromosome,negative,48.2375544870424,OG0002076: 30S ribosomal protein S18[60]
GCF_017639205.1,OG0002076,monophyletic,WP_005315025.1,30S ribosomal protein S18,NZ_CP071139.1,JYK04_RS21735,chromosome,positive,51.69157066296528,OG0002076: 30S ribosomal protein S18[60]
GCF_008642275.1,OG0002076,monophyletic,WP_005315025.1,30S ribosomal protein S18,NZ_CP029189.1,DEJ51_RS16385,chromosome,positive,48.16247619659895,OG0002076: 30S ribosomal protein S18[60]
GCF_002028425.1,OG0002076,monophyletic,WP_005315025.1,30S ribosomal protein S18,NZ_CP020042.1,B4U46_RS17905,chromosome,negative,47.49807824299244,OG0002076: 30S ribosomal protein S18[60]
GCF_008642375.1,OG0002076,monophyletic,WP_005315025.1,30S ribosomal protein S18,NZ_CP029194.1,DEJ46_RS19695,chromosome,positive,50.40533046544122,OG0002076: 30S ribosomal protein S18[60]
GCF_009832925.1,OG0002076,monophyletic,WP_005315025.1,30S ribosomal protein S18,NZ_CP047140.1,GLX30_RS18030,chromosome,negative,46.40714038742945,OG0002076: 30S ribosomal protein S18[60]
GCF_001278075.1,OG0002076,monophyletic,WP_005315025.1,30S ribosomal protein S18,NZ_CP011340.1,SPRI_RS18790,chromosome,negative,47.970183034651136,OG0002076: 30S ribosomal protein S18[60]
GCF_000816025.1,OG0002077,monophyletic,WP_003953493.1,CarD family transcriptional regulator,NZ_CP003987.1,GZL_RS18560,chromosome,positive,44.09190820426237,OG0002077: arD family transcriptional regulator[60]
GCF_003994375.1,OG0002077,monophyletic,WP_003953493.1,CarD family transcriptional regulator,NZ_CP029042.1,DDE74_RS23580,chromosome,negative,40.335543729082346,OG0002077: arD family transcriptional regulator[60]
GCF_011290345.1,OG0002077,monophyletic,WP_003953493.1,CarD family transcriptional regulator,NZ_CP049782.1,G7Z12_RS14980,chromosome,positive,40.80082410003418,OG0002077: arD family transcriptional regulator[60]
GCF_015244315.1,OG0002077,monophyletic,WP_003953493.1,CarD family transcriptional regulator,NZ_CP043317.1,FYC74_RS20890,chromosome,negative,42.74344397145679,OG0002077: arD family transcriptional regulator[60]
GCF_000931445.1,OG0002077,monophyletic,WP_003953493.1,CarD family transcriptional regulator,NZ_CP010849.1,TU94_RS18065,chromosome,negative,44.36569584958046,OG0002077: arD family transcriptional regulator[60]
GCF_006516935.1,OG0002077,monophyletic,WP_003953493.1,CarD family transcriptional regulator,NZ_CP041168.1,FJ654_RS18945,chromosome,positive,45.94638623971077,OG0002077: arD family transcriptional regulator[60]
GCF_006516935.1,OG0002078,monophyletic,WP_003998809.1,50S ribosomal protein L36,NZ_CP041168.1,FJ654_RS25070,chromosome,positive,59.96335150547468,OG0002078: 50S ribosomal protein L36[60]
GCF_000092385.1,OG0002079,monophyletic,WP_014054168.1,50S ribosomal protein L22,NC_016582.1,SBI_RS30445,chromosome,positive,62.86644288032111,OG0002079: 50S ribosomal protein L22[60]
GCF_003369795.1,OG0002079,monophyletic,WP_003974262.1,50S ribosomal protein L22,NZ_CP026730.1,C4J65_RS20620,chromosome,negative,43.34221753329136,OG0002079: 50S ribosomal protein L22[60]
GCF_015244315.1,OG0002079,monophyletic,WP_030619142.1,50S ribosomal protein L22,NZ_CP043317.1,FYC74_RS15210,chromosome,negative,57.54117229079262,OG0002079: 50S ribosomal protein L22[60]
GCF_000931445.1,OG0002079,monophyletic,WP_029380974.1,50S ribosomal protein L22,NZ_CP010849.1,TU94_RS19505,chromosome,negative,40.46836827185833,OG0002079: 50S ribosomal protein L22[60]
GCF_004328625.1,OG0002079,monophyletic,WP_003974262.1,50S ribosomal protein L22,NZ_CP032229.1,D0Z67_RS17230,chromosome,positive,58.09683086455217,OG0002079: 50S ribosomal protein L22[60]
GCF_003955715.1,OG0002079,monophyletic,WP_003974262.1,50S ribosomal protein L22,NZ_CP034463.1,EJC51_RS29125,chromosome,positive,60.675119181888526,OG0002079: 50S ribosomal protein L22[60]
GCF_006516935.1,OG0002079,monophyletic,WP_003974262.1,50S ribosomal protein L22,NZ_CP041168.1,FJ654_RS24970,chromosome,positive,59.85394363142445,OG0002079: 50S ribosomal protein L22[60]
GCF_009832925.1,OG0002079,monophyletic,WP_004571827.1,50S ribosomal protein L22,NZ_CP047140.1,GLX30_RS15140,chromosome,negative,54.645354776392,OG0002079: 50S ribosomal protein L22[60]
GCF_001278075.1,OG0002079,monophyletic,WP_004571827.1,50S ribosomal protein L22,NZ_CP011340.1,SPRI_RS15615,chromosome,negative,56.31100139324604,OG0002079: 50S ribosomal protein L22[60]
GCF_008704655.1,OG0002080,monophyletic,WP_004571830.1,50S ribosomal protein L29,NZ_CP023688.1,CP984_RS22230,chromosome,positive,55.599373752424114,OG0002080: 50S ribosomal protein L29[60]
GCF_000816025.1,OG0002080,monophyletic,WP_039635360.1,50S ribosomal protein L29,NZ_CP003987.1,GZL_RS23250,chromosome,positive,54.23727924216501,OG0002080: 50S ribosomal protein L29[60]
GCF_009857135.1,OG0002080,monophyletic,WP_007494763.1,50S ribosomal protein L29,NZ_CP047318.1,GSY65_RS22495,chromosome,positive,67.70676039885474,OG0002080: 50S ribosomal protein L29[60]
GCF_014701095.1,OG0002080,monophyletic,WP_003974259.1,50S ribosomal protein L29,NZ_AP023439.1,IGS69_RS21055,chromosome,positive,60.2015130007257,OG0002080: 50S ribosomal protein L29[60]
GCF_015244315.1,OG0002080,monophyletic,WP_003974259.1,50S ribosomal protein L29,NZ_CP043317.1,FYC74_RS15195,chromosome,negative,57.56025469212484,OG0002080: 50S ribosomal protein L29[60]
GCF_008704715.1,OG0002080,monophyletic,WP_007494763.1,50S ribosomal protein L29,NZ_CP023689.1,CP983_RS17375,chromosome,negative,58.6506307746352,OG0002080: 50S ribosomal protein L29[60]
GCF_003610995.1,OG0002080,monophyletic,WP_015610729.1,50S ribosomal protein L29,NZ_CP032543.1,D6270_RS20670,chromosome,negative,36.96651402269682,OG0002080: 50S ribosomal protein L29[60]
GCF_016906245.1,OG0002080,monophyletic,WP_003966952.1,50S ribosomal protein L29,NZ_CP070254.1,I6J43_RS21080,chromosome,negative,37.7791017099945,OG0002080: 50S ribosomal protein L29[60]
GCF_003595545.1,OG0002081,monophyletic,WP_003980229.1,RNA-binding protein,NZ_CP022545.1,CGL27_RS33310,chromosome,positive,66.57030232223248,OG0002081: RNA-binding protein[60]
GCF_006516935.1,OG0002081,monophyletic,WP_003973401.1,RNA-binding protein,NZ_CP041168.1,FJ654_RS29680,chromosome,positive,71.03698049008528,OG0002081: RNA-binding protein[60]
GCF_002028425.1,OG0002081,monophyletic,WP_042810017.1,RNA-binding protein,NZ_CP020042.1,B4U46_RS25425,chromosome,negative,26.18445056404185,OG0002081: RNA-binding protein[60]
GCF_003595545.1,OG0002082,monophyletic,WP_009715866.1,50S ribosomal protein L30,NZ_CP022545.1,CGL27_RS27835,chromosome,positive,56.09827646397837,OG0002082: 50S ribosomal protein L30[60]
GCF_000816025.1,OG0002082,monophyletic,WP_039635378.1,50S ribosomal protein L30,NZ_CP003987.1,GZL_RS23300,chromosome,positive,54.28042445064111,OG0002082: 50S ribosomal protein L30[60]
GCF_015244315.1,OG0002082,monophyletic,WP_006140898.1,50S ribosomal protein L30,NZ_CP043317.1,FYC74_RS15145,chromosome,negative,57.61272538426388,OG0002082: 50S ribosomal protein L30[60]
GCF_000830005.1,OG0002082,monophyletic,WP_041130781.1,50S ribosomal protein L30,NZ_CP010407.1,SVTN_RS22920,chromosome,negative,42.736363080685976,OG0002082: 50S ribosomal protein L30[60]
GCF_009832925.1,OG0002082,monophyletic,WP_005313525.1,50S ribosomal protein L30,NZ_CP047140.1,GLX30_RS15070,chromosome,negative,54.72233750466304,OG0002082: 50S ribosomal protein L30[60]
GCF_001278075.1,OG0002082,monophyletic,WP_005313525.1,50S ribosomal protein L30,NZ_CP011340.1,SPRI_RS15555,chromosome,negative,56.3797847125469,OG0002082: 50S ribosomal protein L30[60]
GCF_013394065.1,OG0002086,monophyletic,WP_015657589.1,50S ribosomal protein L32,NZ_CP040752.1,FGW37_RS23320,chromosome,negative,31.00566032355012,OG0002086: 50S ribosomal protein L32[60]
GCF_008704655.1,OG0002086,monophyletic,WP_003951102.1,50S ribosomal protein L32,NZ_CP023688.1,CP984_RS11155,chromosome,positive,29.55771264953017,OG0002086: 50S ribosomal protein L32[60]
GCF_002028425.1,OG0002086,monophyletic,WP_003965982.1,50S ribosomal protein L32,NZ_CP020042.1,B4U46_RS25305,chromosome,negative,26.579501711626254,OG0002086: 50S ribosomal protein L32[60]
GCF_008704555.1,OG0002086,monophyletic,WP_003965982.1,50S ribosomal protein L32,NZ_CP023702.1,CP967_RS08840,chromosome,positive,27.1654574611406,OG0002086: 50S ribosomal protein L32[60]
GCF_000816025.1,OG0002089,monophyletic,WP_180990207.1,SDR family NAD(P)-dependent oxidoreductase,NZ_CP003987.1,GZL_RS33670,chromosome,positive,78.25079543409248,OG0002089: SDR family NAD(P)-dependent oxidoreductase[38] | SDR family oxidoreductase[22]
GCF_015244315.1,OG0002116,monophyletic,WP_031039359.1,F0F1 ATP synthase subunit epsilon,NZ_CP043317.1,FYC74_RS12000,chromosome,negative,65.93232131973603,OG0002116: F0F1 ATP synthase subunit epsilon[60]
GCF_003955715.1,OG0002116,monophyletic,WP_046262507.1,F0F1 ATP synthase subunit epsilon,NZ_CP034463.1,EJC51_RS32880,chromosome,positive,68.24823813999383,OG0002116: F0F1 ATP synthase subunit epsilon[60]
GCF_002028425.1,OG0002116,monophyletic,WP_045948891.1,F0F1 ATP synthase subunit epsilon,NZ_CP020042.1,B4U46_RS24265,chromosome,negative,29.679896376357107,OG0002116: F0F1 ATP synthase subunit epsilon[60]
GCF_003950035.1,OG0002116,monophyletic,WP_007266595.1,F0F1 ATP synthase subunit epsilon,NZ_CP034350.1,D1J60_RS24275,chromosome,negative,28.95931981809677,OG0002116: F0F1 ATP synthase subunit epsilon[60]
GCF_000092385.1,OG0002120,monophyletic,WP_014176386.1,50S ribosomal protein L31,NC_016582.1,SBI_RS18555,chromosome,positive,40.80213908671279,OG0002120: 50S ribosomal protein L31[60]
GCF_015244315.1,OG0002120,monophyletic,WP_031039396.1,50S ribosomal protein L31,NZ_CP043317.1,FYC74_RS12075,chromosome,negative,65.76182112790707,OG0002120: 50S ribosomal protein L31[60]
GCF_009834145.1,OG0002120,monophyletic,WP_030042685.1,50S ribosomal protein L31,NZ_CP047144.1,GR129_RS23905,chromosome,positive,68.16737295591038,OG0002120: 50S ribosomal protein L31[60]
GCF_004328625.1,OG0002120,monophyletic,WP_030815934.1,50S ribosomal protein L31,NZ_CP032229.1,D0Z67_RS19945,chromosome,positive,67.30311862564109,OG0002120: 50S ribosomal protein L31[60]
GCF_006516935.1,OG0002120,monophyletic,WP_020136574.1,50S ribosomal protein L31,NZ_CP041168.1,FJ654_RS28315,chromosome,positive,67.73077945685613,OG0002120: 50S ribosomal protein L31[60]
GCF_003950035.1,OG0002120,monophyletic,WP_007266580.1,50S ribosomal protein L31,NZ_CP034350.1,D1J60_RS24200,chromosome,negative,29.15592699341306,OG0002120: 50S ribosomal protein L31[60]
GCF_003610995.1,OG0002120,monophyletic,WP_093693080.1,50S ribosomal protein L31,NZ_CP032543.1,D6270_RS23780,chromosome,negative,27.654812788936024,OG0002120: 50S ribosomal protein L31[60]
GCF_008704715.1,OG0002125,monophyletic,WP_030947039.1,mycoredoxin,NZ_CP023689.1,CP983_RS14785,chromosome,negative,64.49342006102039,OG0002125: mycoredoxin[53] | NrdH-redoxin[7]
GCF_009834145.1,OG0002134,monophyletic,WP_037656035.1,succinate dehydrogenase hydrophobic membrane anchor subunit,NZ_CP047144.1,GR129_RS21785,chromosome,positive,62.079196784250165,OG0002134: succinate dehydrogenase hydrophobic membrane anchor subunit[60]
GCF_008705135.1,OG0002167,monophyletic,WP_003991873.1,DUF4177 domain-containing protein,NZ_CP023694.1,CP976_RS23825,chromosome,positive,55.04828883710677,OG0002167: DUF4177 domain-containing protein[57] | hypothetical protein[3]
GCF_000931445.1,OG0002167,monophyletic,WP_003975360.1,DUF4177 domain-containing protein,NZ_CP010849.1,TU94_RS34670,chromosome,negative,52.38766483956758,OG0002167: DUF4177 domain-containing protein[57] | hypothetical protein[3]
GCF_009834145.1,OG0002167,monophyletic,WP_018547934.1,DUF4177 domain-containing protein,NZ_CP047144.1,GR129_RS19215,chromosome,positive,55.36185439219265,OG0002167: DUF4177 domain-containing protein[57] | hypothetical protein[3]
GCF_003955715.1,OG0002167,monophyletic,WP_003967454.1,DUF4177 domain-containing protein,NZ_CP034463.1,EJC51_RS26845,chromosome,positive,56.23180979541345,OG0002167: DUF4177 domain-containing protein[57] | hypothetical protein[3]
GCF_008642375.1,OG0002167,monophyletic,WP_015034547.1,DUF4177 domain-containing protein,NZ_CP029194.1,DEJ46_RS21485,chromosome,positive,54.58813662028543,OG0002167: DUF4177 domain-containing protein[57] | hypothetical protein[3]
GCF_006516935.1,OG0002174,monophyletic,WP_020141058.1,dihydroneopterin aldolase,NZ_CP041168.1,FJ654_RS23470,chromosome,positive,56.50285870613646,OG0002174: dihydroneopterin aldolase[60]
GCF_002094995.1,OG0002174,monophyletic,WP_019762424.1,dihydroneopterin aldolase,NZ_CP015362.1,A6E92_RS18155,chromosome,positive,56.66090455998911,OG0002174: dihydroneopterin aldolase[60]
GCF_000931445.1,OG0002185,monophyletic,WP_028420794.1,50S ribosomal protein L11,NZ_CP010849.1,TU94_RS19360,chromosome,negative,40.9523811977642,OG0002185: 50S ribosomal protein L11[60]
GCF_009834145.1,OG0002185,monophyletic,WP_046419431.1,50S ribosomal protein L11,NZ_CP047144.1,GR129_RS20965,chromosome,positive,59.8897321193783,OG0002185: 50S ribosomal protein L11[60]
GCF_000816025.1,OG0002186,monophyletic,WP_039635310.1,50S ribosomal protein L10,NZ_CP003987.1,GZL_RS23160,chromosome,positive,54.04209617995611,OG0002186: 50S ribosomal protein L10[60]
GCF_003950035.1,OG0002188,monophyletic,WP_125594709.1,50S ribosomal protein L3,NZ_CP034350.1,D1J60_RS20865,chromosome,negative,38.69853172293004,OG0002188: 50S ribosomal protein L3[60]
GCF_004803895.1,OG0002190,monophyletic,WP_031141292.1,50S ribosomal protein L23,NZ_CP021978.1,CEB94_RS24330,chromosome,positive,59.15494639587028,OG0002190: 50S ribosomal protein L23[60]
GCF_003369795.1,OG0002190,monophyletic,WP_003974265.1,50S ribosomal protein L23,NZ_CP026730.1,C4J65_RS20605,chromosome,negative,43.362249358211145,OG0002190: 50S ribosomal protein L23[60]
GCF_015244315.1,OG0002190,monophyletic,WP_003974265.1,50S ribosomal protein L23,NZ_CP043317.1,FYC74_RS15225,chromosome,negative,57.521865251526506,OG0002190: 50S ribosomal protein L23[60]
GCF_006516935.1,OG0002190,monophyletic,WP_062023384.1,50S ribosomal protein L23,NZ_CP041168.1,FJ654_RS24955,chromosome,positive,59.83624370490136,OG0002190: 50S ribosomal protein L23[60]
GCF_008704715.1,OG0002190,monophyletic,WP_030952372.1,50S ribosomal protein L23,NZ_CP023689.1,CP983_RS17405,chromosome,negative,58.6180947767062,OG0002190: 50S ribosomal protein L23[60]
GCF_008704555.1,OG0002190,monophyletic,WP_003966958.1,50S ribosomal protein L23,NZ_CP023702.1,CP967_RS13290,chromosome,positive,40.26278489841539,OG0002190: 50S ribosomal protein L23[60]
GCF_900105395.1,OG0002191,monophyletic,WP_030055821.1,30S ribosomal protein S19,NZ_LT629775.1,BLU95_RS23230,chromosome,positive,57.20464324786949,OG0002191: 30S ribosomal protein S19[60]
GCF_000092385.1,OG0002191,monophyletic,WP_014178772.1,30S ribosomal protein S19,NC_016582.1,SBI_RS30440,chromosome,positive,62.863695048281,OG0002191: 30S ribosomal protein S19[60]
GCF_008704655.1,OG0002191,monophyletic,WP_004571826.1,30S ribosomal protein S19,NZ_CP023688.1,CP984_RS22210,chromosome,positive,55.57881004841924,OG0002191: 30S ribosomal protein S19[60]
GCF_000816025.1,OG0002191,monophyletic,WP_016571057.1,30S ribosomal protein S19,NZ_CP003987.1,GZL_RS23230,chromosome,positive,54.21825099739881,OG0002191: 30S ribosomal protein S19[60]
GCF_015244315.1,OG0002191,monophyletic,WP_031041561.1,30S ribosomal protein S19,NZ_CP043317.1,FYC74_RS15215,chromosome,negative,57.5373416228672,OG0002191: 30S ribosomal protein S19[60]
GCF_000931445.1,OG0002191,monophyletic,WP_006130777.1,30S ribosomal protein S19,NZ_CP010849.1,TU94_RS19500,chromosome,negative,40.47343114162174,OG0002191: 30S ribosomal protein S19[60]
GCF_003443735.1,OG0002191,monophyletic,WP_007384069.1,30S ribosomal protein S19,NZ_CP031969.1,D1369_RS16190,chromosome,negative,61.50504571361926,OG0002191: 30S ribosomal protein S19[60]
GCF_008704715.1,OG0002191,monophyletic,WP_030952374.1,30S ribosomal protein S19,NZ_CP023689.1,CP983_RS17395,chromosome,negative,58.63130086082684,OG0002191: 30S ribosomal protein S19[60]
GCF_002028425.1,OG0002191,monophyletic,WP_007265903.1,30S ribosomal protein S19,NZ_CP020042.1,B4U46_RS21250,chromosome,negative,38.1772935931706,OG0002191: 30S ribosomal protein S19[60]
GCF_003950035.1,OG0002191,monophyletic,WP_007265903.1,30S ribosomal protein S19,NZ_CP034350.1,D1J60_RS20885,chromosome,negative,38.66899733503024,OG0002191: 30S ribosomal protein S19[60]
GCF_008639165.1,OG0002191,monophyletic,WP_015035577.1,30S ribosomal protein S19,NZ_CP029197.1,DEJ43_RS21955,chromosome,negative,42.40390198583208,OG0002191: 30S ribosomal protein S19[60]
GCF_000816025.1,OG0002192,monophyletic,WP_039635358.1,30S ribosomal protein S3,NZ_CP003987.1,GZL_RS23240,chromosome,positive,54.2249138531364,OG0002192: 30S ribosomal protein S3[60]
GCF_003955715.1,OG0002193,monophyletic,WP_009327094.1,50S ribosomal protein L16,NZ_CP034463.1,EJC51_RS29135,chromosome,positive,60.68647189957039,OG0002193: 50S ribosomal protein L16[60]
GCF_008704715.1,OG0002193,monophyletic,WP_030967307.1,50S ribosomal protein L16,NZ_CP023689.1,CP983_RS17380,chromosome,negative,58.64640361707481,OG0002193: 50S ribosomal protein L16[60]
GCF_008642375.1,OG0002193,monophyletic,WP_015035580.1,50S ribosomal protein L16,NZ_CP029194.1,DEJ46_RS15670,chromosome,positive,41.14613092796828,OG0002193: 50S ribosomal protein L16[60]
GCF_900105395.1,OG0002194,monophyletic,WP_030055826.1,30S ribosomal protein S17,NZ_LT629775.1,BLU95_RS23255,chromosome,positive,57.22645121192785,OG0002194: 30S ribosomal protein S17[60]
GCF_015244315.1,OG0002194,monophyletic,WP_031041552.1,30S ribosomal protein S17,NZ_CP043317.1,FYC74_RS15190,chromosome,negative,57.56290305513502,OG0002194: 30S ribosomal protein S17[60]
GCF_009834145.1,OG0002194,monophyletic,WP_018543912.1,30S ribosomal protein S17,NZ_CP047144.1,GR129_RS21115,chromosome,positive,60.261450504025255,OG0002194: 30S ribosomal protein S17[60]
GCF_008704715.1,OG0002194,monophyletic,WP_018543912.1,30S ribosomal protein S17,NZ_CP023689.1,CP983_RS17370,chromosome,negative,58.65289063929755,OG0002194: 30S ribosomal protein S17[60]
GCF_003950035.1,OG0002194,monophyletic,WP_007265908.1,30S ribosomal protein S17,NZ_CP034350.1,D1J60_RS20910,chromosome,negative,38.63929795054997,OG0002194: 30S ribosomal protein S17[60]
GCF_002094995.1,OG0002194,monophyletic,WP_019765151.1,30S ribosomal protein S17,NZ_CP015362.1,A6E92_RS11910,chromosome,positive,38.48298761800088,OG0002194: 30S ribosomal protein S17[60]
GCF_000092385.1,OG0002195,monophyletic,WP_014178777.1,50S ribosomal protein L24,NC_016582.1,SBI_RS30475,chromosome,positive,62.88824960837111,OG0002195: 50S ribosomal protein L24[60]
GCF_008704655.1,OG0002195,monophyletic,WP_004571832.1,50S ribosomal protein L24,NZ_CP023688.1,CP984_RS22245,chromosome,positive,55.610184385386674,OG0002195: 50S ribosomal protein L24[60]
GCF_000816025.1,OG0002195,monophyletic,WP_039635367.1,50S ribosomal protein L24,NZ_CP003987.1,GZL_RS23265,chromosome,positive,54.24766458491201,OG0002195: 50S ribosomal protein L24[60]
GCF_015244315.1,OG0002195,monophyletic,WP_003974256.1,50S ribosomal protein L24,NZ_CP043317.1,FYC74_RS15180,chromosome,negative,57.57370932206045,OG0002195: 50S ribosomal protein L24[60]
GCF_006516935.1,OG0002195,monophyletic,WP_003992365.1,50S ribosomal protein L24,NZ_CP041168.1,FJ654_RS25000,chromosome,positive,59.88194051458986,OG0002195: 50S ribosomal protein L24[60]
GCF_003610995.1,OG0002195,monophyletic,WP_003966949.1,50S ribosomal protein L24,NZ_CP032543.1,D6270_RS20685,chromosome,negative,36.9514412020457,OG0002195: 50S ribosomal protein L24[60]
GCF_002094995.1,OG0002195,monophyletic,WP_003966949.1,50S ribosomal protein L24,NZ_CP015362.1,A6E92_RS11900,chromosome,positive,38.47230901538369,OG0002195: 50S ribosomal protein L24[60]
GCF_008704655.1,OG0002196,monophyletic,WP_004571833.1,50S ribosomal protein L5,NZ_CP023688.1,CP984_RS22250,chromosome,positive,55.61363481468204,OG0002196: 50S ribosomal protein L5[60]
GCF_000931445.1,OG0002196,monophyletic,WP_029380978.1,50S ribosomal protein L5,NZ_CP010849.1,TU94_RS19540,chromosome,negative,40.42825179235896,OG0002196: 50S ribosomal protein L5[60]
GCF_009834145.1,OG0002196,monophyletic,WP_037657562.1,50S ribosomal protein L5,NZ_CP047144.1,GR129_RS21130,chromosome,positive,60.275628753541206,OG0002196: 50S ribosomal protein L5[60]
GCF_006516935.1,OG0002196,monophyletic,WP_020135807.1,50S ribosomal protein L5,NZ_CP041168.1,FJ654_RS25005,chromosome,positive,59.88544147984826,OG0002196: 50S ribosomal protein L5[60]
GCF_008704715.1,OG0002196,monophyletic,WP_107904099.1,50S ribosomal protein L5,NZ_CP023689.1,CP983_RS17355,chromosome,negative,58.66375614930361,OG0002196: 50S ribosomal protein L5[60]
GCF_003610995.1,OG0002196,monophyletic,WP_003966948.1,50S ribosomal protein L5,NZ_CP032543.1,D6270_RS20690,chromosome,negative,36.94374591230906,OG0002196: 50S ribosomal protein L5[60]
GCF_000931445.1,OG0002197,monophyletic,WP_029380979.1,30S ribosomal protein S8,NZ_CP010849.1,TU94_RS19550,chromosome,negative,40.41722426941372,OG0002197: 30S ribosomal protein S8[60]
GCF_017526105.1,OG0002197,monophyletic,WP_014674378.1,30S ribosomal protein S8,NZ_CP071839.1,S1361_RS23555,chromosome,positive,59.35329321661897,OG0002197: 30S ribosomal protein S8[60]
GCF_009834145.1,OG0002197,monophyletic,WP_037657563.1,30S ribosomal protein S8,NZ_CP047144.1,GR129_RS21145,chromosome,positive,60.28790036119987,OG0002197: 30S ribosomal protein S8[60]
GCF_006516935.1,OG0002197,monophyletic,WP_007384075.1,30S ribosomal protein S8,NZ_CP041168.1,FJ654_RS25020,chromosome,positive,59.89583598660615,OG0002197: 30S ribosomal protein S8[60]
GCF_008704715.1,OG0002197,monophyletic,WP_007384075.1,30S ribosomal protein S8,NZ_CP023689.1,CP983_RS17340,chromosome,negative,58.67345137225237,OG0002197: 30S ribosomal protein S8[60]
GCF_009832925.1,OG0002197,monophyletic,WP_005313538.1,30S ribosomal protein S8,NZ_CP047140.1,GLX30_RS15090,chromosome,negative,54.69613006027974,OG0002197: 30S ribosomal protein S8[60]
GCF_001278075.1,OG0002197,monophyletic,WP_005313538.1,30S ribosomal protein S8,NZ_CP011340.1,SPRI_RS15575,chromosome,negative,56.3563686157735,OG0002197: 30S ribosomal protein S8[60]
GCF_002094995.1,OG0002197,monophyletic,WP_018490821.1,30S ribosomal protein S8,NZ_CP015362.1,A6E92_RS11880,chromosome,positive,38.45415273456567,OG0002197: 30S ribosomal protein S8[60]
GCF_008704655.1,OG0002198,monophyletic,WP_004571836.1,50S ribosomal protein L6,NZ_CP023688.1,CP984_RS22270,chromosome,positive,55.628964121303845,OG0002198: 50S ribosomal protein L6[60]
GCF_006516935.1,OG0002198,monophyletic,WP_062023388.1,50S ribosomal protein L6,NZ_CP041168.1,FJ654_RS25025,chromosome,positive,59.90043168093915,OG0002198: 50S ribosomal protein L6[60]
GCF_002028425.1,OG0002198,monophyletic,WP_042812337.1,50S ribosomal protein L6,NZ_CP020042.1,B4U46_RS21310,chromosome,negative,38.11224233499106,OG0002198: 50S ribosomal protein L6[60]
GCF_000931445.1,OG0002199,monophyletic,WP_029380981.1,50S ribosomal protein L18,NZ_CP010849.1,TU94_RS19560,chromosome,negative,40.40501154540428,OG0002199: 50S ribosomal protein L18[60]
GCF_006516935.1,OG0002199,monophyletic,WP_030317315.1,50S ribosomal protein L18,NZ_CP041168.1,FJ654_RS25030,chromosome,positive,59.906317204577874,OG0002199: 50S ribosomal protein L18[60]
GCF_008704715.1,OG0002199,monophyletic,WP_030967303.1,50S ribosomal protein L18,NZ_CP023689.1,CP983_RS17330,chromosome,negative,58.68319703860878,OG0002199: 50S ribosomal protein L18[60]
GCF_003950035.1,OG0002199,monophyletic,WP_007265913.1,50S ribosomal protein L18,NZ_CP034350.1,D1J60_RS20950,chromosome,negative,38.59678383165509,OG0002199: 50S ribosomal protein L18[60]
GCF_008704655.1,OG0002200,monophyletic,WP_004571840.1,50S ribosomal protein L15,NZ_CP023688.1,CP984_RS22290,chromosome,positive,55.64777590455194,OG0002200: 50S ribosomal protein L15[60]
GCF_015244315.1,OG0002200,monophyletic,WP_031041533.1,50S ribosomal protein L15,NZ_CP043317.1,FYC74_RS15140,chromosome,negative,57.6149126483571,OG0002200: 50S ribosomal protein L15[60]
GCF_001941845.1,OG0002200,monophyletic,WP_030026337.1,50S ribosomal protein L15,NZ_CP018870.1,BSL84_RS20060,chromosome,negative,42.07238886470384,OG0002200: 50S ribosomal protein L15[60]
GCF_008704655.1,OG0002201,monophyletic,WP_004571844.1,30S ribosomal protein S13,NZ_CP023688.1,CP984_RS22320,chromosome,positive,55.69494957566129,OG0002201: 30S ribosomal protein S13[60]
GCF_015244315.1,OG0002201,monophyletic,WP_031041520.1,30S ribosomal protein S13,NZ_CP043317.1,FYC74_RS15110,chromosome,negative,57.667548863184265,OG0002201: 30S ribosomal protein S13[60]
GCF_003950035.1,OG0002201,monophyletic,WP_007265919.1,30S ribosomal protein S13,NZ_CP034350.1,D1J60_RS20995,chromosome,negative,38.52080290635977,OG0002201: 30S ribosomal protein S13[60]
GCF_002094995.1,OG0002201,monophyletic,WP_018490826.1,30S ribosomal protein S13,NZ_CP015362.1,A6E92_RS11825,chromosome,positive,38.364885460697366,OG0002201: 30S ribosomal protein S13[60]
GCF_008704715.1,OG0002202,monophyletic,WP_030960844.1,50S ribosomal protein L17,NZ_CP023689.1,CP983_RS17270,chromosome,negative,58.76214097156828,OG0002202: 50S ribosomal protein L17[60]
GCF_015244315.1,OG0002214,monophyletic,WP_031038828.1,M67 family metallopeptidase,NZ_CP043317.1,FYC74_RS23535,chromosome,negative,35.465600542914416,OG0002214: M67 family metallopeptidase[53] | Mov34/MPN/PAD-1 family protein[7]
GCF_000816025.1,OG0002217,monophyletic,WP_052287519.1,co-chaperone GroES,NZ_CP003987.1,GZL_RS25610,chromosome,positive,59.658002446149176,OG0002217: co-chaperone GroES[60]
GCF_015244315.1,OG0002217,monophyletic,WP_031038859.1,co-chaperone GroES,NZ_CP043317.1,FYC74_RS23610,chromosome,negative,35.33729681351091,OG0002217: co-chaperone GroES[60]
GCF_000092385.1,OG0002232,monophyletic,WP_014180455.1,YggT family protein,NC_016582.1,SBI_RS38780,chromosome,positive,78.2569914942032,OG0002232: YggT family protein[60]
GCF_008704655.1,OG0002232,monophyletic,WP_003986336.1,YggT family protein,NZ_CP023688.1,CP984_RS30460,chromosome,positive,74.38968528880093,OG0002232: YggT family protein[60]
GCF_000816025.1,OG0002232,monophyletic,WP_039637383.1,YggT family protein,NZ_CP003987.1,GZL_RS29640,chromosome,positive,68.68404342083092,OG0002232: YggT family protein[60]
GCF_015244315.1,OG0002232,monophyletic,WP_031030972.1,YggT family protein,NZ_CP043317.1,FYC74_RS27790,chromosome,negative,23.72067809916109,OG0002232: YggT family protein[60]
GCF_000931445.1,OG0002232,monophyletic,WP_007448661.1,YggT family protein,NZ_CP010849.1,TU94_RS08940,chromosome,negative,71.28364747173424,OG0002232: YggT family protein[60]
GCF_004328625.1,OG0002232,monophyletic,WP_030810117.1,YggT family protein,NZ_CP032229.1,D0Z67_RS07195,chromosome,positive,24.21599772721644,OG0002232: YggT family protein[60]
GCF_006516935.1,OG0002232,monophyletic,WP_020137460.1,YggT family protein,NZ_CP041168.1,FJ654_RS11325,chromosome,positive,27.41158247206517,OG0002232: YggT family protein[60]
GCF_008704715.1,OG0002232,monophyletic,WP_030950525.1,YggT family protein,NZ_CP023689.1,CP983_RS31975,chromosome,negative,26.6855008899226,OG0002232: YggT family protein[60]
GCF_009832925.1,OG0002232,monophyletic,WP_005318710.1,YggT family protein,NZ_CP047140.1,GLX30_RS26145,chromosome,negative,22.73860448375532,OG0002232: YggT family protein[60]
GCF_001278075.1,OG0002232,monophyletic,WP_005318710.1,YggT family protein,NZ_CP011340.1,SPRI_RS26950,chromosome,negative,25.940956745617274,OG0002232: YggT family protein[60]
GCF_000816025.1,OG0002260,monophyletic,WP_016571913.1,phosphoribosyl-ATP diphosphatase,NZ_CP003987.1,GZL_RS33445,chromosome,positive,77.36980354178799,OG0002260: phosphoribosyl-ATP diphosphatase[60]
GCF_015244315.1,OG0002260,monophyletic,WP_031041643.1,phosphoribosyl-ATP diphosphatase,NZ_CP043317.1,FYC74_RS30830,chromosome,negative,15.854862613213085,OG0002260: phosphoribosyl-ATP diphosphatase[60]
GCF_000931445.1,OG0002260,monophyletic,WP_029383007.1,phosphoribosyl-ATP diphosphatase,NZ_CP010849.1,TU94_RS05915,chromosome,negative,79.96769296490413,OG0002260: phosphoribosyl-ATP diphosphatase[60]
GCF_003955715.1,OG0002260,monophyletic,WP_030946750.1,phosphoribosyl-ATP diphosphatase,NZ_CP034463.1,EJC51_RS09770,chromosome,positive,20.437720385834616,OG0002260: phosphoribosyl-ATP diphosphatase[60]
GCF_003595545.1,OG0002282,monophyletic,WP_014055172.1,hypothetical protein,NZ_CP022545.1,CGL27_RS33215,chromosome,positive,66.34261979853802,OG0002282: hypothetical protein[60]
GCF_013394065.1,OG0002282,monophyletic,WP_030369319.1,hypothetical protein,NZ_CP040752.1,FGW37_RS23355,chromosome,negative,30.93643475014399,OG0002282: hypothetical protein[60]
GCF_000816025.1,OG0002282,monophyletic,WP_039632428.1,hypothetical protein,NZ_CP003987.1,GZL_RS14175,chromosome,positive,33.47890963603383,OG0002282: hypothetical protein[60]
GCF_000931445.1,OG0002282,monophyletic,WP_029384211.1,hypothetical protein,NZ_CP010849.1,TU94_RS23570,chromosome,negative,27.887214205510773,OG0002282: hypothetical protein[60]
GCF_008704715.1,OG0002282,monophyletic,WP_030048901.1,hypothetical protein,NZ_CP023689.1,CP983_RS12680,chromosome,negative,69.20358333825997,OG0002282: hypothetical protein[60]
GCF_002094995.1,OG0002282,monophyletic,WP_018488699.1,hypothetical protein,NZ_CP015362.1,A6E92_RS07475,chromosome,positive,25.214398847135936,OG0002282: hypothetical protein[60]
GCF_000010605.1,OG0002282,monophyletic,WP_003965973.1,hypothetical protein,NC_010572.1,SGR_RS09330,chromosome,positive,26.40285216504841,OG0002282: hypothetical protein[60]
GCF_001434355.1,OG0002282,monophyletic,WP_003965973.1,hypothetical protein,NZ_CM003601.1,JI76_RS27695,chromosome,positive,72.38960598330193,OG0002282: hypothetical protein[60]
GCF_016906245.1,OG0002282,monophyletic,WP_030117724.1,hypothetical protein,NZ_CP070254.1,I6J43_RS25825,chromosome,negative,23.298835515768,OG0002282: hypothetical protein[60]
GCF_015244315.1,OG0002290,monophyletic,WP_078535794.1,preprotein translocase subunit SecG,NZ_CP043317.1,FYC74_RS28425,chromosome,negative,21.9827016967849,OG0002290: preprotein translocase subunit SecG[60]
GCF_006516935.1,OG0002290,monophyletic,WP_020137612.1,preprotein translocase subunit SecG,NZ_CP041168.1,FJ654_RS10560,chromosome,positive,25.541611790210457,OG0002290: preprotein translocase subunit SecG[60]
GCF_002094995.1,OG0002290,monophyletic,WP_026237546.1,preprotein translocase subunit SecG,NZ_CP015362.1,A6E92_RS25850,chromosome,positive,80.5753960479873,OG0002290: preprotein translocase subunit SecG[60]
