Name,OG0002076,OG0002078,OG0002079,OG0002080,OG0002082,OG0002086,OG0002120,OG0002167,OG0002186,OG0002190,OG0002191,OG0002193,OG0002194,OG0002195,OG0002197,OG0002282
GCF_000717725.1,#F0F0F0,#F0F0F0,#F0F0F0,#F0F0F0,#F0F0F0,#F0F0F0,#F0F0F0,#F0F0F0,#F0F0F0,#F0F0F0,#F0F0F0,#F0F0F0,#F0F0F0,#F0F0F0,#F0F0F0,#F0F0F0
GCF_900105395.1,#F0F0F0,#F0F0F0,#F0F0F0,#F0F0F0,#F0F0F0,#F0F0F0,#F0F0F0,#F0F0F0,#F0F0F0,#F0F0F0,#F0F0F0,#F0F0F0,#F0F0F0,#F0F0F0,#F0F0F0,#F0F0F0
GCF_000380165.1,#F0F0F0,#86cfa5,#F0F0F0,#F0F0F0,#F0F0F0,#F0F0F0,#F0F0F0,#F0F0F0,#F0F0F0,#F0F0F0,#F0F0F0,#F0F0F0,#F0F0F0,#F0F0F0,#F0F0F0,#F0F0F0
GCF_000745345.1,#F0F0F0,#5eb9a9,#F0F0F0,#F0F0F0,#F0F0F0,#F0F0F0,#F0F0F0,#F0F0F0,#F0F0F0,#F0F0F0,#F0F0F0,#F0F0F0,#F0F0F0,#F0F0F0,#F0F0F0,#F0F0F0
GCF_000813365.1,#F0F0F0,#F0F0F0,#F0F0F0,#F0F0F0,#F0F0F0,#F0F0F0,#F0F0F0,#F0F0F0,#F0F0F0,#F0F0F0,#F0F0F0,#F0F0F0,#F0F0F0,#F0F0F0,#F0F0F0,#F0F0F0
GCF_000297635.1,#F0F0F0,#F0F0F0,#F0F0F0,#F0F0F0,#F0F0F0,#F0F0F0,#F0F0F0,#F0F0F0,#F0F0F0,#F0F0F0,#F0F0F0,#F0F0F0,#F0F0F0,#F0F0F0,#F0F0F0,#F0F0F0
GCF_000719865.1,#F0F0F0,#F0F0F0,#F0F0F0,#F0F0F0,#F0F0F0,#F0F0F0,#F0F0F0,#F0F0F0,#F0F0F0,#F0F0F0,#F0F0F0,#F0F0F0,#F0F0F0,#F0F0F0,#F0F0F0,#F0F0F0
GCF_003947265.2,#F0F0F0,#F0F0F0,#F0F0F0,#F0F0F0,#F0F0F0,#F0F0F0,#F0F0F0,#F0F0F0,#F0F0F0,#F0F0F0,#F0F0F0,#F0F0F0,#F0F0F0,#F0F0F0,#F0F0F0,#F0F0F0
GCF_000700005.2,#F0F0F0,#F0F0F0,#F0F0F0,#F0F0F0,#F0F0F0,#F0F0F0,#F0F0F0,#F0F0F0,#F0F0F0,#F0F0F0,#F0F0F0,#F0F0F0,#F0F0F0,#F0F0F0,#F0F0F0,#F0F0F0
GCF_001652895.1,#fff6b0,#b1dfa3,#F0F0F0,#af1446,#F0F0F0,#ad1246,#F0F0F0,#F0F0F0,#F0F0F0,#F0F0F0,#F0F0F0,#F0F0F0,#F0F0F0,#F0F0F0,#F0F0F0,#F0F0F0
GCF_000968685.2,#F0F0F0,#b1dfa3,#F0F0F0,#daf09a,#F0F0F0,#F0F0F0,#F0F0F0,#F0F0F0,#F0F0F0,#F0F0F0,#F0F0F0,#F0F0F0,#F0F0F0,#F0F0F0,#F0F0F0,#F0F0F0
GCF_014076605.1,#F0F0F0,#b1dfa3,#F0F0F0,#F0F0F0,#F0F0F0,#F0F0F0,#F0F0F0,#F0F0F0,#F0F0F0,#F0F0F0,#F0F0F0,#F0F0F0,#F0F0F0,#F0F0F0,#F0F0F0,#F0F0F0
GCF_016741935.1,#F0F0F0,#F0F0F0,#F0F0F0,#F0F0F0,#F0F0F0,#F0F0F0,#F0F0F0,#F0F0F0,#F0F0F0,#F0F0F0,#F0F0F0,#F0F0F0,#F0F0F0,#F0F0F0,#F0F0F0,#F0F0F0
GCF_014205315.1,#F0F0F0,#F0F0F0,#F0F0F0,#F0F0F0,#F0F0F0,#F0F0F0,#F0F0F0,#F0F0F0,#F0F0F0,#F0F0F0,#F0F0F0,#F0F0F0,#F0F0F0,#F0F0F0,#F0F0F0,#F0F0F0
GCF_001509775.1,#F0F0F0,#F0F0F0,#F0F0F0,#F0F0F0,#F0F0F0,#F0F0F0,#F0F0F0,#F0F0F0,#F0F0F0,#F0F0F0,#F0F0F0,#F0F0F0,#F0F0F0,#F0F0F0,#F0F0F0,#F0F0F0
GCF_000147815.2,#F0F0F0,#F0F0F0,#F0F0F0,#F0F0F0,#F0F0F0,#ad1246,#F0F0F0,#F0F0F0,#F0F0F0,#F0F0F0,#F0F0F0,#F0F0F0,#F0F0F0,#F0F0F0,#F0F0F0,#F0F0F0
GCF_003595545.1,#F0F0F0,#F0F0F0,#F0F0F0,#F0F0F0,#F0F0F0,#feec9f,#F0F0F0,#F0F0F0,#F0F0F0,#F0F0F0,#F0F0F0,#F0F0F0,#F0F0F0,#F0F0F0,#F0F0F0,#F0F0F0
GCF_001640565.1,#F0F0F0,#F0F0F0,#F0F0F0,#daf09a,#F0F0F0,#ad1246,#F0F0F0,#F0F0F0,#F0F0F0,#F0F0F0,#F0F0F0,#F0F0F0,#F0F0F0,#F0F0F0,#F0F0F0,#F0F0F0
GCF_000092385.1,#F0F0F0,#fdb567,#F0F0F0,#af1446,#F0F0F0,#feec9f,#F0F0F0,#F0F0F0,#F0F0F0,#F0F0F0,#F0F0F0,#F0F0F0,#F0F0F0,#F0F0F0,#F0F0F0,#F0F0F0
GCF_002224125.2,#fff6b0,#b1dfa3,#F0F0F0,#F0F0F0,#F0F0F0,#F0F0F0,#F0F0F0,#F0F0F0,#F0F0F0,#F0F0F0,#F0F0F0,#F0F0F0,#F0F0F0,#F0F0F0,#F0F0F0,#F0F0F0
GCF_000718635.1,#F0F0F0,#5eb9a9,#F0F0F0,#F0F0F0,#F0F0F0,#F0F0F0,#F0F0F0,#F0F0F0,#F0F0F0,#F0F0F0,#F0F0F0,#F0F0F0,#F0F0F0,#F0F0F0,#F0F0F0,#F0F0F0
GCF_013394065.1,#F0F0F0,#b1dfa3,#F0F0F0,#F0F0F0,#F0F0F0,#F0F0F0,#F0F0F0,#F0F0F0,#F0F0F0,#fed884,#F0F0F0,#F0F0F0,#F0F0F0,#F0F0F0,#F0F0F0,#F0F0F0
GCF_000719265.1,#F0F0F0,#b1dfa3,#F0F0F0,#F0F0F0,#F0F0F0,#F0F0F0,#F0F0F0,#F0F0F0,#F0F0F0,#F0F0F0,#F0F0F0,#F0F0F0,#F0F0F0,#F0F0F0,#F0F0F0,#F0F0F0
GCF_015475835.1,#F0F0F0,#5eb9a9,#F0F0F0,#F0F0F0,#F0F0F0,#F0F0F0,#F0F0F0,#F0F0F0,#F0F0F0,#F0F0F0,#F0F0F0,#F0F0F0,#F0F0F0,#F0F0F0,#F0F0F0,#F0F0F0
GCF_003970715.1,#F0F0F0,#b1dfa3,#F0F0F0,#F0F0F0,#F0F0F0,#F0F0F0,#F0F0F0,#F0F0F0,#F0F0F0,#fed884,#F0F0F0,#F0F0F0,#F0F0F0,#F0F0F0,#F0F0F0,#F0F0F0
GCF_002939475.1,#F0F0F0,#b1dfa3,#F0F0F0,#F0F0F0,#F0F0F0,#F0F0F0,#F0F0F0,#F0F0F0,#F0F0F0,#F0F0F0,#F0F0F0,#F0F0F0,#F0F0F0,#F0F0F0,#F0F0F0,#F0F0F0
GCF_000342125.1,#F0F0F0,#b1dfa3,#F0F0F0,#F0F0F0,#F0F0F0,#4471b2,#F0F0F0,#F0F0F0,#F0F0F0,#F0F0F0,#F0F0F0,#F0F0F0,#F0F0F0,#F0F0F0,#F0F0F0,#F0F0F0
GCF_014253015.1,#F0F0F0,#b1dfa3,#F0F0F0,#F0F0F0,#F0F0F0,#F0F0F0,#F0F0F0,#F0F0F0,#F0F0F0,#F0F0F0,#F0F0F0,#F0F0F0,#F0F0F0,#F0F0F0,#F0F0F0,#F0F0F0
GCF_001187435.1,#F0F0F0,#b1dfa3,#F0F0F0,#F0F0F0,#F0F0F0,#F0F0F0,#F0F0F0,#F0F0F0,#F0F0F0,#F0F0F0,#F0F0F0,#F0F0F0,#F0F0F0,#F0F0F0,#F0F0F0,#F0F0F0
GCF_000715845.1,#F0F0F0,#86cfa5,#F0F0F0,#F0F0F0,#F0F0F0,#F0F0F0,#F0F0F0,#F0F0F0,#F0F0F0,#F0F0F0,#F0F0F0,#F0F0F0,#F0F0F0,#F0F0F0,#F0F0F0,#F0F0F0
GCF_003865155.1,#F0F0F0,#86cfa5,#F0F0F0,#F0F0F0,#F0F0F0,#F0F0F0,#F0F0F0,#F0F0F0,#F0F0F0,#F0F0F0,#F0F0F0,#F0F0F0,#F0F0F0,#F0F0F0,#F0F0F0,#F0F0F0
GCF_001905005.1,#F0F0F0,#86cfa5,#F0F0F0,#F0F0F0,#F0F0F0,#F0F0F0,#F0F0F0,#F0F0F0,#F0F0F0,#F0F0F0,#F0F0F0,#F0F0F0,#F0F0F0,#F0F0F0,#F0F0F0,#F0F0F0
GCF_000719185.1,#F0F0F0,#86cfa5,#F0F0F0,#F0F0F0,#F0F0F0,#F0F0F0,#F0F0F0,#F0F0F0,#F0F0F0,#F0F0F0,#F0F0F0,#F0F0F0,#F0F0F0,#F0F0F0,#F0F0F0,#F0F0F0
GCF_008704655.1,#F0F0F0,#86cfa5,#F0F0F0,#F0F0F0,#F0F0F0,#F0F0F0,#F0F0F0,#F0F0F0,#F0F0F0,#F0F0F0,#F0F0F0,#F0F0F0,#F0F0F0,#F0F0F0,#F0F0F0,#F0F0F0
GCF_008634025.1,#F0F0F0,#86cfa5,#F0F0F0,#F0F0F0,#F0F0F0,#F0F0F0,#F0F0F0,#F0F0F0,#F0F0F0,#F0F0F0,#F0F0F0,#F0F0F0,#F0F0F0,#F0F0F0,#F0F0F0,#F0F0F0
GCF_000718015.1,#F0F0F0,#fdb567,#F0F0F0,#F0F0F0,#F0F0F0,#F0F0F0,#F0F0F0,#F0F0F0,#F0F0F0,#F0F0F0,#F0F0F0,#F0F0F0,#F0F0F0,#F0F0F0,#F0F0F0,#F0F0F0
GCF_009862505.1,#F0F0F0,#5eb9a9,#F0F0F0,#F0F0F0,#F0F0F0,#F0F0F0,#F0F0F0,#F0F0F0,#F0F0F0,#F0F0F0,#F0F0F0,#F0F0F0,#F0F0F0,#F0F0F0,#F0F0F0,#F0F0F0
GCF_001294335.1,#F0F0F0,#b1dfa3,#F0F0F0,#F0F0F0,#F0F0F0,#da464d,#F0F0F0,#F0F0F0,#F0F0F0,#F0F0F0,#F0F0F0,#F0F0F0,#caea9e,#F0F0F0,#F0F0F0,#F0F0F0
GCF_014648695.1,#F0F0F0,#b1dfa3,#F0F0F0,#F0F0F0,#F0F0F0,#F0F0F0,#F0F0F0,#F0F0F0,#F0F0F0,#F0F0F0,#F0F0F0,#F0F0F0,#fcaa5f,#F0F0F0,#F0F0F0,#F0F0F0
GCF_009834125.1,#F0F0F0,#b1dfa3,#F0F0F0,#F0F0F0,#F0F0F0,#F0F0F0,#F0F0F0,#F0F0F0,#F0F0F0,#F0F0F0,#F0F0F0,#F0F0F0,#fcaa5f,#F0F0F0,#F0F0F0,#F0F0F0
GCF_000805335.1,#F0F0F0,#b1dfa3,#F0F0F0,#F0F0F0,#F0F0F0,#F0F0F0,#F0F0F0,#F0F0F0,#F0F0F0,#F0F0F0,#F0F0F0,#F0F0F0,#F0F0F0,#F0F0F0,#F0F0F0,#F0F0F0
GCF_002891315.1,#F0F0F0,#ffffbe,#F0F0F0,#F0F0F0,#F0F0F0,#F0F0F0,#F0F0F0,#F0F0F0,#F0F0F0,#F0F0F0,#F0F0F0,#F0F0F0,#F0F0F0,#F0F0F0,#F0F0F0,#F0F0F0
GCF_000816025.1,#F0F0F0,#b1dfa3,#F0F0F0,#F0F0F0,#F0F0F0,#F0F0F0,#F0F0F0,#F0F0F0,#F0F0F0,#F0F0F0,#F0F0F0,#F0F0F0,#F0F0F0,#F0F0F0,#F0F0F0,#F0F0F0
GCF_000935185.3,#F0F0F0,#b1dfa3,#F0F0F0,#F0F0F0,#F0F0F0,#F0F0F0,#F0F0F0,#F0F0F0,#F0F0F0,#F0F0F0,#F0F0F0,#F0F0F0,#F0F0F0,#F0F0F0,#F0F0F0,#F0F0F0
GCF_003389455.1,#F0F0F0,#b1dfa3,#F0F0F0,#F0F0F0,#F0F0F0,#F0F0F0,#F0F0F0,#F0F0F0,#F0F0F0,#F0F0F0,#F0F0F0,#F0F0F0,#caea9e,#F0F0F0,#F0F0F0,#F0F0F0
GCF_000829715.2,#F0F0F0,#ffffbe,#F0F0F0,#F0F0F0,#F0F0F0,#4471b2,#F0F0F0,#F0F0F0,#F0F0F0,#F0F0F0,#F0F0F0,#F0F0F0,#F0F0F0,#F0F0F0,#F0F0F0,#F0F0F0
GCF_009811575.1,#F0F0F0,#b1dfa3,#F0F0F0,#F0F0F0,#F0F0F0,#4471b2,#F0F0F0,#F0F0F0,#F0F0F0,#F0F0F0,#F0F0F0,#F0F0F0,#F0F0F0,#F0F0F0,#F0F0F0,#F0F0F0
GCF_009811635.1,#F0F0F0,#b1dfa3,#F0F0F0,#F0F0F0,#F0F0F0,#4471b2,#F0F0F0,#F0F0F0,#F0F0F0,#F0F0F0,#F0F0F0,#F0F0F0,#F0F0F0,#F0F0F0,#F0F0F0,#F0F0F0
GCF_003994375.1,#F0F0F0,#ffffbe,#F0F0F0,#F0F0F0,#F0F0F0,#F0F0F0,#F0F0F0,#F0F0F0,#F0F0F0,#F0F0F0,#F0F0F0,#F0F0F0,#F0F0F0,#F0F0F0,#F0F0F0,#F0F0F0
GCF_011290345.1,#F0F0F0,#b1dfa3,#F0F0F0,#F0F0F0,#F0F0F0,#4471b2,#F0F0F0,#F0F0F0,#F0F0F0,#F0F0F0,#F0F0F0,#F0F0F0,#F0F0F0,#F0F0F0,#F0F0F0,#F0F0F0
GCF_001270575.1,#F0F0F0,#b1dfa3,#F0F0F0,#F0F0F0,#F0F0F0,#F0F0F0,#F0F0F0,#F0F0F0,#F0F0F0,#F0F0F0,#F0F0F0,#F0F0F0,#F0F0F0,#F0F0F0,#F0F0F0,#F0F0F0
GCF_002154415.1,#F0F0F0,#b1dfa3,#F0F0F0,#F0F0F0,#F0F0F0,#4471b2,#F0F0F0,#F0F0F0,#F0F0F0,#F0F0F0,#F0F0F0,#F0F0F0,#F0F0F0,#F0F0F0,#F0F0F0,#F0F0F0
GCF_009811555.1,#F0F0F0,#5eb9a9,#F0F0F0,#F0F0F0,#F0F0F0,#4471b2,#F0F0F0,#F0F0F0,#F0F0F0,#F0F0F0,#F0F0F0,#F0F0F0,#F0F0F0,#F0F0F0,#F0F0F0,#F0F0F0
GCF_900187385.1,#F0F0F0,#5eb9a9,#F0F0F0,#F0F0F0,#F0F0F0,#4471b2,#F0F0F0,#F0F0F0,#F0F0F0,#F0F0F0,#F0F0F0,#F0F0F0,#F0F0F0,#F0F0F0,#F0F0F0,#F0F0F0
GCF_004125265.1,#F0F0F0,#b1dfa3,#F0F0F0,#F0F0F0,#F0F0F0,#4471b2,#F0F0F0,#F0F0F0,#F0F0F0,#F0F0F0,#F0F0F0,#F0F0F0,#caea9e,#F0F0F0,#F0F0F0,#F0F0F0
GCF_000719365.1,#F0F0F0,#b1dfa3,#F0F0F0,#F0F0F0,#F0F0F0,#da464d,#F0F0F0,#F0F0F0,#F0F0F0,#F0F0F0,#F0F0F0,#F0F0F0,#fcaa5f,#F0F0F0,#F0F0F0,#F0F0F0
GCF_000720175.1,#F0F0F0,#b1dfa3,#F0F0F0,#F0F0F0,#F0F0F0,#da464d,#F0F0F0,#F0F0F0,#F0F0F0,#F0F0F0,#F0F0F0,#F0F0F0,#F0F0F0,#F0F0F0,#F0F0F0,#F0F0F0
GCF_004125245.1,#F0F0F0,#b1dfa3,#F0F0F0,#F0F0F0,#F0F0F0,#F0F0F0,#F0F0F0,#F0F0F0,#F0F0F0,#F0F0F0,#F0F0F0,#F0F0F0,#F0F0F0,#F0F0F0,#F0F0F0,#F0F0F0
GCF_000717745.1,#F0F0F0,#b1dfa3,#F0F0F0,#F0F0F0,#F0F0F0,#F0F0F0,#F0F0F0,#F0F0F0,#F0F0F0,#F0F0F0,#F0F0F0,#F0F0F0,#F0F0F0,#F0F0F0,#F0F0F0,#F0F0F0
GCF_000720485.1,#F0F0F0,#b1dfa3,#F0F0F0,#F0F0F0,#F0F0F0,#da464d,#F0F0F0,#F0F0F0,#F0F0F0,#F0F0F0,#F0F0F0,#F0F0F0,#F0F0F0,#F0F0F0,#F0F0F0,#F0F0F0
GCF_004195945.1,#F0F0F0,#eff9a6,#F0F0F0,#F0F0F0,#F0F0F0,#F0F0F0,#F0F0F0,#F0F0F0,#F0F0F0,#F0F0F0,#F0F0F0,#F0F0F0,#F0F0F0,#F0F0F0,#F0F0F0,#F0F0F0
GCF_002802945.1,#F0F0F0,#eff9a6,#F0F0F0,#F0F0F0,#F0F0F0,#F0F0F0,#F0F0F0,#F0F0F0,#F0F0F0,#F0F0F0,#F0F0F0,#F0F0F0,#F0F0F0,#F0F0F0,#F0F0F0,#F0F0F0
GCF_000716675.1,#F0F0F0,#F0F0F0,#F0F0F0,#F0F0F0,#F0F0F0,#F0F0F0,#F0F0F0,#F0F0F0,#F0F0F0,#F0F0F0,#F0F0F0,#F0F0F0,#F0F0F0,#F0F0F0,#F0F0F0,#F0F0F0
GCF_008704495.1,#69c3a5,#F0F0F0,#F0F0F0,#F0F0F0,#F0F0F0,#F0F0F0,#F0F0F0,#F0F0F0,#F0F0F0,#F0F0F0,#F0F0F0,#F0F0F0,#F0F0F0,#F0F0F0,#F0F0F0,#F0F0F0
GCF_000009765.2,#F0F0F0,#4471b2,#F0F0F0,#F0F0F0,#F0F0F0,#F0F0F0,#F0F0F0,#F0F0F0,#F0F0F0,#F0F0F0,#F0F0F0,#F0F0F0,#F0F0F0,#F0F0F0,#F0F0F0,#F0F0F0
GCF_008704995.1,#F0F0F0,#fed481,#F0F0F0,#F0F0F0,#F0F0F0,#F0F0F0,#F0F0F0,#F0F0F0,#F0F0F0,#F0F0F0,#F0F0F0,#F0F0F0,#F0F0F0,#F0F0F0,#F0F0F0,#F0F0F0
GCF_009857135.1,#f0f9a7,#feec9f,#F0F0F0,#F0F0F0,#4ea7b0,#cd364d,#F0F0F0,#F0F0F0,#F0F0F0,#F0F0F0,#b61b48,#F0F0F0,#F0F0F0,#F0F0F0,#F0F0F0,#F0F0F0
GCF_002761895.1,#f0f9a7,#feec9f,#F0F0F0,#F0F0F0,#4ea7b0,#b8e2a1,#F0F0F0,#F0F0F0,#F0F0F0,#F0F0F0,#F0F0F0,#F0F0F0,#F0F0F0,#F0F0F0,#F0F0F0,#F0F0F0
GCF_001418645.1,#da464d,#feec9f,#F0F0F0,#F0F0F0,#4ea7b0,#cd364d,#F0F0F0,#F0F0F0,#F0F0F0,#F0F0F0,#b61b48,#F0F0F0,#F0F0F0,#3f77b5,#F0F0F0,#F0F0F0
GCF_000317595.1,#F0F0F0,#feec9f,#F0F0F0,#F0F0F0,#4ea7b0,#cd364d,#F0F0F0,#F0F0F0,#F0F0F0,#F0F0F0,#b61b48,#F0F0F0,#F0F0F0,#F0F0F0,#F0F0F0,#F0F0F0
GCF_900215595.1,#F0F0F0,#feec9f,#F0F0F0,#F0F0F0,#F0F0F0,#49a2b2,#F0F0F0,#F0F0F0,#F0F0F0,#F0F0F0,#F0F0F0,#F0F0F0,#F0F0F0,#F0F0F0,#F0F0F0,#F0F0F0
GCF_000383595.1,#F0F0F0,#feec9f,#F0F0F0,#F0F0F0,#F0F0F0,#49a2b2,#F0F0F0,#F0F0F0,#F0F0F0,#F0F0F0,#F0F0F0,#F0F0F0,#F0F0F0,#F0F0F0,#F0F0F0,#F0F0F0
GCF_001485125.1,#F0F0F0,#feec9f,#F0F0F0,#F0F0F0,#F0F0F0,#49a2b2,#F0F0F0,#F0F0F0,#F0F0F0,#F0F0F0,#F0F0F0,#F0F0F0,#F0F0F0,#F0F0F0,#F0F0F0,#F0F0F0
GCF_014650155.1,#ffffbe,#eff9a6,#F0F0F0,#F0F0F0,#9fd8a4,#cd364d,#F0F0F0,#F0F0F0,#F0F0F0,#F0F0F0,#F0F0F0,#F0F0F0,#F0F0F0,#F0F0F0,#F0F0F0,#F0F0F0
GCF_900215615.1,#F0F0F0,#4471b2,#F0F0F0,#F0F0F0,#F0F0F0,#cd364d,#F0F0F0,#F0F0F0,#F0F0F0,#F0F0F0,#F0F0F0,#F0F0F0,#F0F0F0,#F0F0F0,#F0F0F0,#F0F0F0
GCF_014207295.1,#F0F0F0,#4471b2,#F0F0F0,#F0F0F0,#fdb163,#cd364d,#F0F0F0,#F0F0F0,#F0F0F0,#F0F0F0,#F0F0F0,#F0F0F0,#F0F0F0,#F0F0F0,#F0F0F0,#F0F0F0
GCF_014701095.1,#F0F0F0,#4471b2,#F0F0F0,#F0F0F0,#ab0f45,#cd364d,#F0F0F0,#F0F0F0,#F0F0F0,#F0F0F0,#F0F0F0,#F0F0F0,#F0F0F0,#F0F0F0,#F0F0F0,#F0F0F0
GCF_000720215.1,#F0F0F0,#fed481,#F0F0F0,#F0F0F0,#bfe5a0,#cd364d,#F0F0F0,#F0F0F0,#F0F0F0,#F0F0F0,#F0F0F0,#F0F0F0,#F0F0F0,#F0F0F0,#F0F0F0,#F0F0F0
GCF_014202475.1,#F0F0F0,#4471b2,#F0F0F0,#F0F0F0,#e9f69d,#fcaa5f,#F0F0F0,#F0F0F0,#F0F0F0,#F0F0F0,#F0F0F0,#F0F0F0,#F0F0F0,#F0F0F0,#F0F0F0,#F0F0F0
GCF_009872555.1,#F0F0F0,#4471b2,#F0F0F0,#F0F0F0,#ab0f45,#fa9656,#F0F0F0,#F0F0F0,#F0F0F0,#F0F0F0,#F0F0F0,#F0F0F0,#F0F0F0,#F0F0F0,#F0F0F0,#F0F0F0
GCF_003041235.1,#F0F0F0,#4471b2,#F0F0F0,#f8864f,#fed884,#fcaa5f,#F0F0F0,#F0F0F0,#F0F0F0,#F0F0F0,#F0F0F0,#F0F0F0,#F0F0F0,#F0F0F0,#F0F0F0,#F0F0F0
GCF_002891435.1,#F0F0F0,#4471b2,#F0F0F0,#F0F0F0,#fed884,#fcaa5f,#F0F0F0,#F0F0F0,#F0F0F0,#F0F0F0,#F0F0F0,#F0F0F0,#F0F0F0,#F0F0F0,#F0F0F0,#F0F0F0
GCF_004803895.1,#F0F0F0,#4471b2,#F0F0F0,#F0F0F0,#ab0f45,#91d3a4,#F0F0F0,#F0F0F0,#F0F0F0,#F0F0F0,#F0F0F0,#F0F0F0,#F0F0F0,#F0F0F0,#F0F0F0,#F0F0F0
GCF_000955965.1,#F0F0F0,#4471b2,#F0F0F0,#F0F0F0,#e9f69d,#fcaa5f,#F0F0F0,#F0F0F0,#F0F0F0,#F0F0F0,#F0F0F0,#F0F0F0,#F0F0F0,#F0F0F0,#F0F0F0,#F0F0F0
GCF_014651075.1,#da464d,#4471b2,#F0F0F0,#F0F0F0,#F0F0F0,#fcaa5f,#F0F0F0,#F0F0F0,#F0F0F0,#F0F0F0,#F0F0F0,#F0F0F0,#F0F0F0,#3f77b5,#F0F0F0,#ebf7a0
GCF_002150735.1,#F0F0F0,#4471b2,#F0F0F0,#F0F0F0,#F0F0F0,#F0F0F0,#F0F0F0,#F0F0F0,#F0F0F0,#F0F0F0,#F0F0F0,#F0F0F0,#F0F0F0,#F0F0F0,#F0F0F0,#F0F0F0
GCF_000226455.1,#49a2b2,#F0F0F0,#F0F0F0,#F0F0F0,#4ea7b0,#F0F0F0,#F0F0F0,#F0F0F0,#F0F0F0,#F0F0F0,#F0F0F0,#F0F0F0,#F0F0F0,#3f77b5,#F0F0F0,#F0F0F0
GCF_014205255.1,#ad1246,#dd4a4c,#F0F0F0,#F0F0F0,#f47044,#F0F0F0,#F0F0F0,#F0F0F0,#F0F0F0,#F0F0F0,#F0F0F0,#F0F0F0,#F0F0F0,#F0F0F0,#F0F0F0,#F0F0F0
GCF_008705135.1,#a7dba4,#dd4a4c,#F0F0F0,#F0F0F0,#f47044,#F0F0F0,#F0F0F0,#F0F0F0,#F0F0F0,#F0F0F0,#fdaf62,#F0F0F0,#F0F0F0,#F0F0F0,#F0F0F0,#F0F0F0
GCF_008704515.1,#F0F0F0,#F0F0F0,#F0F0F0,#F0F0F0,#F0F0F0,#91d3a4,#F0F0F0,#F0F0F0,#F0F0F0,#F0F0F0,#F0F0F0,#F0F0F0,#F0F0F0,#F0F0F0,#F0F0F0,#F0F0F0
GCF_009852415.1,#ffffbe,#F0F0F0,#F0F0F0,#F0F0F0,#F0F0F0,#fcaa5f,#F0F0F0,#F0F0F0,#F0F0F0,#F0F0F0,#F0F0F0,#F0F0F0,#F0F0F0,#F0F0F0,#F0F0F0,#ebf7a0
GCF_014203535.1,#F0F0F0,#4471b2,#F0F0F0,#F0F0F0,#F0F0F0,#cd364d,#F0F0F0,#F0F0F0,#F0F0F0,#F0F0F0,#F0F0F0,#F0F0F0,#F0F0F0,#F0F0F0,#F0F0F0,#F0F0F0
GCF_000719785.1,#F0F0F0,#fed481,#F0F0F0,#F0F0F0,#F0F0F0,#be254a,#F0F0F0,#F0F0F0,#F0F0F0,#F0F0F0,#F0F0F0,#F0F0F0,#F0F0F0,#F0F0F0,#F0F0F0,#F0F0F0
GCF_900079415.1,#F0F0F0,#4471b2,#F0F0F0,#F0F0F0,#F0F0F0,#be254a,#F0F0F0,#F0F0F0,#F0F0F0,#F0F0F0,#F0F0F0,#F0F0F0,#F0F0F0,#F0F0F0,#F0F0F0,#F0F0F0
GCF_018966745.1,#F0F0F0,#fed481,#F0F0F0,#F0F0F0,#F0F0F0,#be254a,#F0F0F0,#F0F0F0,#F0F0F0,#F0F0F0,#F0F0F0,#F0F0F0,#F0F0F0,#F0F0F0,#F0F0F0,#F0F0F0
GCF_000709915.1,#F0F0F0,#fed481,#F0F0F0,#F0F0F0,#F0F0F0,#be254a,#F0F0F0,#F0F0F0,#F0F0F0,#F0F0F0,#F0F0F0,#F0F0F0,#F0F0F0,#F0F0F0,#F0F0F0,#F0F0F0
GCF_002899455.1,#F0F0F0,#4471b2,#F0F0F0,#F0F0F0,#F0F0F0,#F0F0F0,#F0F0F0,#F0F0F0,#F0F0F0,#F0F0F0,#F0F0F0,#F0F0F0,#F0F0F0,#F0F0F0,#F0F0F0,#F0F0F0
GCF_007828695.1,#F0F0F0,#4471b2,#F0F0F0,#F0F0F0,#F0F0F0,#be254a,#F0F0F0,#F0F0F0,#F0F0F0,#F0F0F0,#F0F0F0,#F0F0F0,#F0F0F0,#F0F0F0,#F0F0F0,#F0F0F0
GCF_018638305.1,#F0F0F0,#4471b2,#F0F0F0,#F0F0F0,#F0F0F0,#be254a,#F0F0F0,#F0F0F0,#F0F0F0,#F0F0F0,#F0F0F0,#F0F0F0,#F0F0F0,#F0F0F0,#F0F0F0,#F0F0F0
GCF_003945525.1,#ffffbe,#4471b2,#F0F0F0,#F0F0F0,#F0F0F0,#F0F0F0,#F0F0F0,#F0F0F0,#F0F0F0,#F0F0F0,#F0F0F0,#F0F0F0,#F0F0F0,#F0F0F0,#F0F0F0,#F0F0F0
GCF_014649515.1,#F0F0F0,#F0F0F0,#F0F0F0,#F0F0F0,#fed884,#be254a,#F0F0F0,#F0F0F0,#F0F0F0,#F0F0F0,#F0F0F0,#F0F0F0,#F0F0F0,#F0F0F0,#F0F0F0,#F0F0F0
GCF_014649995.1,#F0F0F0,#F0F0F0,#F0F0F0,#F0F0F0,#F0F0F0,#be254a,#F0F0F0,#F0F0F0,#F0F0F0,#F0F0F0,#F0F0F0,#F0F0F0,#F0F0F0,#F0F0F0,#F0F0F0,#F0F0F0
GCF_006715925.1,#F0F0F0,#4471b2,#F0F0F0,#F0F0F0,#F0F0F0,#cd364d,#F0F0F0,#F0F0F0,#F0F0F0,#F0F0F0,#F0F0F0,#F0F0F0,#F0F0F0,#F0F0F0,#F0F0F0,#F0F0F0
GCF_019049255.1,#F0F0F0,#dd4a4c,#F0F0F0,#F0F0F0,#F0F0F0,#be254a,#F0F0F0,#F0F0F0,#F0F0F0,#F0F0F0,#F0F0F0,#F0F0F0,#F0F0F0,#F0F0F0,#F0F0F0,#F0F0F0
GCF_000721605.1,#F0F0F0,#dd4a4c,#F0F0F0,#F0F0F0,#F0F0F0,#f7844e,#F0F0F0,#F0F0F0,#F0F0F0,#F0F0F0,#F0F0F0,#F0F0F0,#F0F0F0,#F0F0F0,#F0F0F0,#F0F0F0
GCF_000718375.1,#F0F0F0,#dd4a4c,#F0F0F0,#F0F0F0,#4ea7b0,#be254a,#F0F0F0,#F0F0F0,#F0F0F0,#F0F0F0,#F0F0F0,#F0F0F0,#F0F0F0,#F0F0F0,#F0F0F0,#F0F0F0
GCF_014650615.1,#49a2b2,#F0F0F0,#F0F0F0,#F0F0F0,#F0F0F0,#49a2b2,#F0F0F0,#F0F0F0,#F0F0F0,#F0F0F0,#F0F0F0,#F0F0F0,#F0F0F0,#F0F0F0,#F0F0F0,#F0F0F0
GCF_007829875.1,#ffffbe,#F0F0F0,#F0F0F0,#F0F0F0,#F0F0F0,#3b92b9,#F0F0F0,#F0F0F0,#F0F0F0,#F0F0F0,#F0F0F0,#F0F0F0,#F0F0F0,#F0F0F0,#fff5ae,#F0F0F0
GCF_006716135.1,#ffffbe,#F0F0F0,#F0F0F0,#F0F0F0,#F0F0F0,#cd364d,#F0F0F0,#F0F0F0,#F0F0F0,#F0F0F0,#F0F0F0,#F0F0F0,#F0F0F0,#F0F0F0,#F0F0F0,#F0F0F0
GCF_010548465.1,#F0F0F0,#4471b2,#F0F0F0,#F0F0F0,#F0F0F0,#fa9656,#F0F0F0,#F0F0F0,#F0F0F0,#F0F0F0,#F0F0F0,#F0F0F0,#F0F0F0,#F0F0F0,#F0F0F0,#F0F0F0
GCF_000829695.1,#F0F0F0,#4471b2,#F0F0F0,#F0F0F0,#F0F0F0,#b8e2a1,#F0F0F0,#F0F0F0,#F0F0F0,#F0F0F0,#F0F0F0,#F0F0F0,#F0F0F0,#F0F0F0,#F0F0F0,#F0F0F0
GCF_001418395.1,#F0F0F0,#4471b2,#F0F0F0,#F0F0F0,#F0F0F0,#F0F0F0,#F0F0F0,#F0F0F0,#F0F0F0,#F0F0F0,#F0F0F0,#F0F0F0,#F0F0F0,#F0F0F0,#F0F0F0,#F0F0F0
GCF_001419705.1,#F0F0F0,#4471b2,#F0F0F0,#F0F0F0,#F0F0F0,#F0F0F0,#F0F0F0,#F0F0F0,#F0F0F0,#F0F0F0,#F0F0F0,#F0F0F0,#F0F0F0,#F0F0F0,#F0F0F0,#F0F0F0
GCF_001418175.1,#F0F0F0,#4471b2,#F0F0F0,#F0F0F0,#F0F0F0,#cd364d,#F0F0F0,#F0F0F0,#F0F0F0,#F0F0F0,#F0F0F0,#F0F0F0,#F0F0F0,#F0F0F0,#F0F0F0,#F0F0F0
GCF_014649135.1,#fa9656,#fed481,#F0F0F0,#F0F0F0,#F0F0F0,#F0F0F0,#d8434e,#F0F0F0,#F0F0F0,#F0F0F0,#F0F0F0,#F0F0F0,#F0F0F0,#F0F0F0,#fff5ae,#F0F0F0
GCF_018614415.1,#F0F0F0,#fed481,#F0F0F0,#f8864f,#fdb163,#3b92b9,#F0F0F0,#F0F0F0,#F0F0F0,#F0F0F0,#F0F0F0,#F0F0F0,#F0F0F0,#F0F0F0,#fff5ae,#F0F0F0
GCF_002005565.1,#F0F0F0,#fed481,#F0F0F0,#fb9d59,#9fd8a4,#be254a,#d8434e,#F0F0F0,#F0F0F0,#F0F0F0,#F0F0F0,#F0F0F0,#F0F0F0,#F0F0F0,#F0F0F0,#F0F0F0
GCF_001905385.1,#F0F0F0,#fed481,#F0F0F0,#F0F0F0,#F0F0F0,#cd364d,#F0F0F0,#F0F0F0,#F0F0F0,#F0F0F0,#F0F0F0,#F0F0F0,#F0F0F0,#F0F0F0,#F0F0F0,#F0F0F0
GCF_000720675.1,#F0F0F0,#fed481,#F0F0F0,#F0F0F0,#9fd8a4,#cd364d,#F0F0F0,#4ba4b1,#F0F0F0,#F0F0F0,#F0F0F0,#F0F0F0,#F0F0F0,#F0F0F0,#F0F0F0,#F0F0F0
GCF_000739045.1,#F0F0F0,#4471b2,#F0F0F0,#F0F0F0,#F0F0F0,#cd364d,#F0F0F0,#e6f598,#F0F0F0,#F0F0F0,#F0F0F0,#F0F0F0,#F0F0F0,#F0F0F0,#F0F0F0,#F0F0F0
GCF_018070175.1,#F0F0F0,#fed481,#F0F0F0,#fffab6,#F0F0F0,#be254a,#F0F0F0,#F0F0F0,#F0F0F0,#F0F0F0,#F0F0F0,#F0F0F0,#F0F0F0,#F0F0F0,#F0F0F0,#F0F0F0
GCF_014650435.1,#F0F0F0,#fed481,#F0F0F0,#F0F0F0,#9fd8a4,#be254a,#F0F0F0,#F0F0F0,#F0F0F0,#F0F0F0,#F0F0F0,#F0F0F0,#F0F0F0,#F0F0F0,#F0F0F0,#F0F0F0
GCF_002939385.1,#F0F0F0,#fed481,#F0F0F0,#F0F0F0,#F0F0F0,#be254a,#F0F0F0,#F0F0F0,#F0F0F0,#F0F0F0,#F0F0F0,#F0F0F0,#F0F0F0,#F0F0F0,#F0F0F0,#F0F0F0
GCF_018070205.1,#F0F0F0,#fed481,#F0F0F0,#F0F0F0,#F0F0F0,#be254a,#F0F0F0,#F0F0F0,#F0F0F0,#F0F0F0,#F0F0F0,#F0F0F0,#F0F0F0,#F0F0F0,#F0F0F0,#F0F0F0
GCF_009862445.1,#F0F0F0,#fed481,#F0F0F0,#F0F0F0,#9fd8a4,#F0F0F0,#F0F0F0,#F0F0F0,#F0F0F0,#F0F0F0,#F0F0F0,#F0F0F0,#F0F0F0,#F0F0F0,#F0F0F0,#F0F0F0
GCF_003369795.1,#F0F0F0,#fed481,#F0F0F0,#F0F0F0,#F0F0F0,#F0F0F0,#F0F0F0,#F0F0F0,#F0F0F0,#F0F0F0,#F0F0F0,#F0F0F0,#F0F0F0,#F0F0F0,#F0F0F0,#F0F0F0
GCF_002188335.1,#F0F0F0,#fed481,#F0F0F0,#F0F0F0,#F0F0F0,#F0F0F0,#F0F0F0,#F0F0F0,#F0F0F0,#F0F0F0,#F0F0F0,#F0F0F0,#F0F0F0,#F0F0F0,#F0F0F0,#F0F0F0
GCF_004364245.1,#F0F0F0,#fed481,#F0F0F0,#e1504b,#F0F0F0,#F0F0F0,#F0F0F0,#F0F0F0,#F0F0F0,#F0F0F0,#F0F0F0,#F0F0F0,#F0F0F0,#F0F0F0,#F0F0F0,#F0F0F0
GCF_018982965.1,#F0F0F0,#4471b2,#F0F0F0,#F0F0F0,#F0F0F0,#be254a,#F0F0F0,#F0F0F0,#F0F0F0,#F0F0F0,#F0F0F0,#F0F0F0,#F0F0F0,#F0F0F0,#F0F0F0,#F0F0F0
GCF_015244315.1,#F0F0F0,#fed481,#F0F0F0,#F0F0F0,#F0F0F0,#be254a,#F0F0F0,#F0F0F0,#F0F0F0,#F0F0F0,#F0F0F0,#F0F0F0,#F0F0F0,#F0F0F0,#F0F0F0,#F0F0F0
GCF_000721235.1,#F0F0F0,#fed481,#F0F0F0,#F0F0F0,#F0F0F0,#be254a,#F0F0F0,#F0F0F0,#F0F0F0,#F0F0F0,#F0F0F0,#F0F0F0,#F0F0F0,#F0F0F0,#F0F0F0,#F0F0F0
GCF_018070535.1,#F0F0F0,#fed481,#F0F0F0,#F0F0F0,#F0F0F0,#F0F0F0,#F0F0F0,#F0F0F0,#F0F0F0,#F0F0F0,#F0F0F0,#F0F0F0,#F0F0F0,#F0F0F0,#F0F0F0,#F0F0F0
GCF_001267885.1,#F0F0F0,#fed481,#F0F0F0,#F0F0F0,#F0F0F0,#be254a,#F0F0F0,#F0F0F0,#F0F0F0,#F0F0F0,#F0F0F0,#F0F0F0,#F0F0F0,#F0F0F0,#F0F0F0,#F0F0F0
GCF_000931445.1,#F0F0F0,#dd4a4c,#F0F0F0,#F0F0F0,#F0F0F0,#3b92b9,#bfe5a0,#F0F0F0,#F0F0F0,#F0F0F0,#F0F0F0,#F0F0F0,#F0F0F0,#F0F0F0,#F0F0F0,#F0F0F0
GCF_011008945.1,#F0F0F0,#dd4a4c,#F0F0F0,#F0F0F0,#F0F0F0,#F0F0F0,#bfe5a0,#F0F0F0,#F0F0F0,#F0F0F0,#F0F0F0,#F0F0F0,#F0F0F0,#F0F0F0,#F0F0F0,#F0F0F0
GCF_000444875.1,#f0f9a7,#feec9f,#F0F0F0,#F0F0F0,#3d79b6,#3880b9,#fba05b,#F0F0F0,#F0F0F0,#F0F0F0,#F0F0F0,#F0F0F0,#F0F0F0,#F0F0F0,#F0F0F0,#F0F0F0
GCF_002242805.1,#da464d,#feec9f,#F0F0F0,#F0F0F0,#F0F0F0,#F0F0F0,#F0F0F0,#F0F0F0,#F0F0F0,#F0F0F0,#F0F0F0,#F0F0F0,#F0F0F0,#F0F0F0,#F0F0F0,#F0F0F0
GCF_007827595.1,#da464d,#feec9f,#F0F0F0,#F0F0F0,#F0F0F0,#69c3a5,#F0F0F0,#F0F0F0,#F0F0F0,#F0F0F0,#F0F0F0,#F0F0F0,#F0F0F0,#F0F0F0,#F0F0F0,#F0F0F0
GCF_001866665.1,#F0F0F0,#feec9f,#F0F0F0,#F0F0F0,#F0F0F0,#3880b9,#F0F0F0,#F0F0F0,#F0F0F0,#F0F0F0,#F0F0F0,#F0F0F0,#F0F0F0,#F0F0F0,#F0F0F0,#F0F0F0
GCF_001866675.1,#F0F0F0,#d6ee9b,#F0F0F0,#F0F0F0,#F0F0F0,#3880b9,#F0F0F0,#F0F0F0,#F0F0F0,#F0F0F0,#F0F0F0,#F0F0F0,#F0F0F0,#F0F0F0,#F0F0F0,#F0F0F0
GCF_009604455.1,#f0f9a7,#feec9f,#F0F0F0,#F0F0F0,#4ea7b0,#F0F0F0,#F0F0F0,#F0F0F0,#F0F0F0,#F0F0F0,#F0F0F0,#F0F0F0,#F0F0F0,#F0F0F0,#F0F0F0,#F0F0F0
GCF_001735805.1,#f0f9a7,#fed481,#F0F0F0,#F0F0F0,#fffbb8,#69c3a5,#fba05b,#F0F0F0,#F0F0F0,#F0F0F0,#F0F0F0,#F0F0F0,#F0F0F0,#F0F0F0,#F0F0F0,#F0F0F0
GCF_000816485.1,#F0F0F0,#dd4a4c,#F0F0F0,#F0F0F0,#F0F0F0,#69c3a5,#F0F0F0,#F0F0F0,#F0F0F0,#F0F0F0,#F0F0F0,#F0F0F0,#F0F0F0,#F0F0F0,#F0F0F0,#F0F0F0
GCF_900105245.1,#e9f69d,#feec9f,#F0F0F0,#F0F0F0,#F0F0F0,#3880b9,#dff299,#F0F0F0,#F0F0F0,#F0F0F0,#F0F0F0,#F0F0F0,#F0F0F0,#F0F0F0,#F0F0F0,#F0F0F0
GCF_001905855.1,#da464d,#fed481,#F0F0F0,#F0F0F0,#3d79b6,#F0F0F0,#F0F0F0,#F0F0F0,#F0F0F0,#F0F0F0,#F0F0F0,#F0F0F0,#F0F0F0,#F0F0F0,#F0F0F0,#F0F0F0
GCF_000718775.1,#F0F0F0,#d6ee9b,#F0F0F0,#F0F0F0,#F0F0F0,#3880b9,#F0F0F0,#F0F0F0,#F0F0F0,#F0F0F0,#F0F0F0,#F0F0F0,#F0F0F0,#F0F0F0,#F0F0F0,#F0F0F0
GCF_013870595.1,#ad1246,#dd4a4c,#F0F0F0,#F0F0F0,#F0F0F0,#3880b9,#F0F0F0,#F0F0F0,#F0F0F0,#F0F0F0,#F0F0F0,#F0F0F0,#F0F0F0,#F0F0F0,#F0F0F0,#F0F0F0
GCF_016860525.1,#ad1246,#dd4a4c,#F0F0F0,#F0F0F0,#fffbb8,#3880b9,#F0F0F0,#F0F0F0,#F0F0F0,#F0F0F0,#F0F0F0,#F0F0F0,#F0F0F0,#F0F0F0,#F0F0F0,#F0F0F0
GCF_000718625.1,#F0F0F0,#dd4a4c,#F0F0F0,#F0F0F0,#F0F0F0,#3880b9,#F0F0F0,#F0F0F0,#F0F0F0,#F0F0F0,#F0F0F0,#F0F0F0,#F0F0F0,#F0F0F0,#F0F0F0,#F0F0F0
GCF_017526105.1,#f0f9a7,#dd4a4c,#F0F0F0,#F0F0F0,#fffbb8,#fcaa5f,#F0F0F0,#F0F0F0,#F0F0F0,#F0F0F0,#F0F0F0,#F0F0F0,#F0F0F0,#F0F0F0,#F0F0F0,#F0F0F0
GCF_000720135.1,#F0F0F0,#dd4a4c,#F0F0F0,#F0F0F0,#4ea7b0,#fcaa5f,#F0F0F0,#F0F0F0,#F0F0F0,#F0F0F0,#F0F0F0,#F0F0F0,#F0F0F0,#F0F0F0,#F0F0F0,#F0F0F0
GCF_002251155.1,#ad1246,#dd4a4c,#F0F0F0,#F0F0F0,#F0F0F0,#F0F0F0,#F0F0F0,#F0F0F0,#F0F0F0,#F0F0F0,#F0F0F0,#F0F0F0,#F0F0F0,#F0F0F0,#F0F0F0,#F0F0F0
GCF_014648635.1,#da464d,#dd4a4c,#F0F0F0,#F0F0F0,#F0F0F0,#F0F0F0,#dff299,#F0F0F0,#F0F0F0,#F0F0F0,#F0F0F0,#F0F0F0,#F0F0F0,#F0F0F0,#F0F0F0,#F0F0F0
GCF_014650735.1,#fed683,#dd4a4c,#F0F0F0,#F0F0F0,#F0F0F0,#3880b9,#F0F0F0,#F0F0F0,#F0F0F0,#F0F0F0,#F0F0F0,#F0F0F0,#F0F0F0,#F0F0F0,#F0F0F0,#F0F0F0
GCF_014650115.1,#F0F0F0,#dd4a4c,#F0F0F0,#F0F0F0,#F0F0F0,#3880b9,#F0F0F0,#F0F0F0,#F0F0F0,#F0F0F0,#F0F0F0,#F0F0F0,#F0F0F0,#F0F0F0,#F0F0F0,#F0F0F0
GCF_013046785.1,#f0f9a7,#dd4a4c,#F0F0F0,#F0F0F0,#4ea7b0,#3880b9,#bfe5a0,#F0F0F0,#F0F0F0,#F0F0F0,#F0F0F0,#F0F0F0,#F0F0F0,#F0F0F0,#F0F0F0,#F0F0F0
GCF_014203595.1,#F0F0F0,#dd4a4c,#F0F0F0,#F0F0F0,#F0F0F0,#F0F0F0,#F0F0F0,#F0F0F0,#F0F0F0,#F0F0F0,#F0F0F0,#F0F0F0,#F0F0F0,#F0F0F0,#F0F0F0,#F0F0F0
GCF_016741855.1,#f0f9a7,#dd4a4c,#F0F0F0,#F0F0F0,#F0F0F0,#3880b9,#F0F0F0,#e6f598,#F0F0F0,#F0F0F0,#F0F0F0,#F0F0F0,#F0F0F0,#F0F0F0,#F0F0F0,#F0F0F0
GCF_900104815.1,#F0F0F0,#dd4a4c,#F0F0F0,#F0F0F0,#F0F0F0,#3880b9,#dff299,#F0F0F0,#F0F0F0,#F0F0F0,#F0F0F0,#F0F0F0,#F0F0F0,#F0F0F0,#F0F0F0,#F0F0F0
GCF_000980885.2,#69c3a5,#d6ee9b,#F0F0F0,#F0F0F0,#F0F0F0,#3880b9,#F0F0F0,#F0F0F0,#F0F0F0,#F0F0F0,#F0F0F0,#F0F0F0,#F0F0F0,#F0F0F0,#F0F0F0,#F0F0F0
GCF_003933295.1,#F0F0F0,#f98e52,#F0F0F0,#F0F0F0,#F0F0F0,#3880b9,#F0F0F0,#F0F0F0,#F0F0F0,#F0F0F0,#F0F0F0,#F0F0F0,#F0F0F0,#F0F0F0,#F0F0F0,#F0F0F0
GCF_008016805.1,#69c3a5,#d6ee9b,#F0F0F0,#F0F0F0,#3d79b6,#F0F0F0,#F0F0F0,#F0F0F0,#F0F0F0,#F0F0F0,#F0F0F0,#F0F0F0,#F0F0F0,#F0F0F0,#F0F0F0,#F0F0F0
GCF_009834145.1,#69c3a5,#f98e52,#F0F0F0,#F0F0F0,#F0F0F0,#3880b9,#F0F0F0,#F0F0F0,#F0F0F0,#F0F0F0,#F0F0F0,#F0F0F0,#F0F0F0,#F0F0F0,#F0F0F0,#F0F0F0
GCF_000719895.1,#da464d,#4471b2,#F0F0F0,#F0F0F0,#F0F0F0,#f8fcb4,#F0F0F0,#F0F0F0,#F0F0F0,#F0F0F0,#F0F0F0,#F0F0F0,#F0F0F0,#F0F0F0,#F0F0F0,#F0F0F0
GCF_004328625.1,#da464d,#4471b2,#F0F0F0,#F0F0F0,#F0F0F0,#cd364d,#F0F0F0,#F0F0F0,#F0F0F0,#F0F0F0,#F0F0F0,#F0F0F0,#F0F0F0,#F0F0F0,#F0F0F0,#F0F0F0
GCF_004217355.1,#da464d,#4471b2,#F0F0F0,#F0F0F0,#F0F0F0,#cd364d,#F0F0F0,#F0F0F0,#F0F0F0,#F0F0F0,#F0F0F0,#F0F0F0,#F0F0F0,#F0F0F0,#F0F0F0,#F0F0F0
GCF_019090105.1,#F0F0F0,#4471b2,#F0F0F0,#F0F0F0,#F0F0F0,#3880b9,#F0F0F0,#F0F0F0,#F0F0F0,#F0F0F0,#F0F0F0,#F0F0F0,#F0F0F0,#F0F0F0,#F0F0F0,#F0F0F0
GCF_017614965.1,#fa9656,#dd4a4c,#F0F0F0,#F0F0F0,#F0F0F0,#cd364d,#F0F0F0,#F0F0F0,#F0F0F0,#F0F0F0,#b61b48,#F0F0F0,#F0F0F0,#F0F0F0,#F0F0F0,#F0F0F0
GCF_001685355.1,#F0F0F0,#feec9f,#F0F0F0,#F0F0F0,#F0F0F0,#F0F0F0,#F0F0F0,#F0F0F0,#F0F0F0,#F0F0F0,#F0F0F0,#F0F0F0,#F0F0F0,#F0F0F0,#F0F0F0,#F0F0F0
GCF_000721105.1,#F0F0F0,#fed481,#F0F0F0,#F0F0F0,#F0F0F0,#f8fcb4,#F0F0F0,#F0F0F0,#F0F0F0,#F0F0F0,#F0F0F0,#F0F0F0,#F0F0F0,#F0F0F0,#F0F0F0,#F0F0F0
GCF_001514265.1,#F0F0F0,#feec9f,#F0F0F0,#F0F0F0,#bfe5a0,#F0F0F0,#F0F0F0,#F0F0F0,#F0F0F0,#F0F0F0,#fdaf62,#F0F0F0,#F0F0F0,#F0F0F0,#F0F0F0,#F0F0F0
GCF_019049245.1,#F0F0F0,#feec9f,#F0F0F0,#F0F0F0,#bfe5a0,#f7844e,#F0F0F0,#F0F0F0,#F0F0F0,#F0F0F0,#F0F0F0,#F0F0F0,#F0F0F0,#F0F0F0,#F0F0F0,#F0F0F0
GCF_016612545.1,#F0F0F0,#f98e52,#F0F0F0,#F0F0F0,#F0F0F0,#F0F0F0,#F0F0F0,#F0F0F0,#F0F0F0,#F0F0F0,#F0F0F0,#F0F0F0,#F0F0F0,#F0F0F0,#F0F0F0,#F0F0F0
GCF_000367365.1,#F0F0F0,#d6ee9b,#F0F0F0,#F0F0F0,#F0F0F0,#F0F0F0,#F0F0F0,#F0F0F0,#F0F0F0,#F0F0F0,#F0F0F0,#F0F0F0,#F0F0F0,#F0F0F0,#F0F0F0,#F0F0F0
GCF_016612625.1,#F0F0F0,#feec9f,#F0F0F0,#F0F0F0,#F0F0F0,#F0F0F0,#F0F0F0,#F0F0F0,#F0F0F0,#F0F0F0,#F0F0F0,#F0F0F0,#F0F0F0,#F0F0F0,#F0F0F0,#F0F0F0
GCF_900105265.1,#F0F0F0,#feec9f,#F0F0F0,#F0F0F0,#F0F0F0,#F0F0F0,#F0F0F0,#F0F0F0,#F0F0F0,#F0F0F0,#F0F0F0,#F0F0F0,#F0F0F0,#F0F0F0,#F0F0F0,#F0F0F0
GCF_000718165.1,#F0F0F0,#fed481,#F0F0F0,#F0F0F0,#F0F0F0,#F0F0F0,#F0F0F0,#F0F0F0,#F0F0F0,#F0F0F0,#F0F0F0,#F0F0F0,#F0F0F0,#F0F0F0,#F0F0F0,#F0F0F0
GCF_003143935.1,#da464d,#feec9f,#F0F0F0,#F0F0F0,#F0F0F0,#b8e2a1,#F0F0F0,#F0F0F0,#F0F0F0,#F0F0F0,#8fd2a4,#F0F0F0,#F0F0F0,#F0F0F0,#F0F0F0,#F0F0F0
GCF_003955715.1,#da464d,#feec9f,#F0F0F0,#F0F0F0,#F0F0F0,#cd364d,#F0F0F0,#F0F0F0,#F0F0F0,#F0F0F0,#F0F0F0,#F0F0F0,#F0F0F0,#F0F0F0,#F0F0F0,#F0F0F0
GCF_900206255.1,#da464d,#feec9f,#F0F0F0,#F0F0F0,#F0F0F0,#49a2b2,#F0F0F0,#F0F0F0,#F0F0F0,#F0F0F0,#F0F0F0,#F0F0F0,#F0F0F0,#F0F0F0,#F0F0F0,#F0F0F0
GCF_015163075.1,#da464d,#feec9f,#F0F0F0,#F0F0F0,#F0F0F0,#cd364d,#F0F0F0,#F0F0F0,#F0F0F0,#F0F0F0,#8fd2a4,#F0F0F0,#F0F0F0,#F0F0F0,#F0F0F0,#F0F0F0
GCF_010548375.1,#49a2b2,#feec9f,#F0F0F0,#F0F0F0,#F0F0F0,#F0F0F0,#F0F0F0,#F0F0F0,#F0F0F0,#F0F0F0,#F0F0F0,#F0F0F0,#F0F0F0,#F0F0F0,#F0F0F0,#F0F0F0
GCF_000719505.1,#fee491,#F0F0F0,#F0F0F0,#F0F0F0,#9fd8a4,#F0F0F0,#F0F0F0,#F0F0F0,#F0F0F0,#F0F0F0,#F0F0F0,#F0F0F0,#F0F0F0,#F0F0F0,#F0F0F0,#F0F0F0
GCF_001513985.1,#fee491,#F0F0F0,#F0F0F0,#F0F0F0,#9fd8a4,#F0F0F0,#F0F0F0,#F0F0F0,#F0F0F0,#F0F0F0,#F0F0F0,#F0F0F0,#F0F0F0,#F0F0F0,#F0F0F0,#F0F0F0
GCF_006516935.1,#fee491,#F0F0F0,#F0F0F0,#F0F0F0,#9fd8a4,#F0F0F0,#F0F0F0,#F0F0F0,#F0F0F0,#F0F0F0,#F0F0F0,#F0F0F0,#F0F0F0,#F0F0F0,#F0F0F0,#F0F0F0
GCF_018128905.1,#fee491,#feec9f,#F0F0F0,#e1504b,#e9f69d,#F0F0F0,#F0F0F0,#F0F0F0,#F0F0F0,#F0F0F0,#F0F0F0,#F0F0F0,#F0F0F0,#F0F0F0,#F0F0F0,#F0F0F0
GCF_003933965.1,#fee491,#d6ee9b,#F0F0F0,#fb9d59,#f47044,#F0F0F0,#F0F0F0,#F0F0F0,#F0F0F0,#F0F0F0,#F0F0F0,#F0F0F0,#F0F0F0,#F0F0F0,#F0F0F0,#F0F0F0
GCF_002156095.1,#F0F0F0,#d6ee9b,#F0F0F0,#F0F0F0,#F0F0F0,#F0F0F0,#F0F0F0,#F0F0F0,#F0F0F0,#F0F0F0,#F0F0F0,#F0F0F0,#F0F0F0,#F0F0F0,#F0F0F0,#F0F0F0
GCF_001513955.1,#e9f69d,#d6ee9b,#F0F0F0,#e1504b,#bfe5a0,#F0F0F0,#F0F0F0,#F0F0F0,#F0F0F0,#F0F0F0,#F0F0F0,#F0F0F0,#F0F0F0,#F0F0F0,#F0F0F0,#F0F0F0
GCF_003443735.1,#F0F0F0,#feec9f,#F0F0F0,#e1504b,#F0F0F0,#F0F0F0,#F0F0F0,#F0F0F0,#F0F0F0,#F0F0F0,#F0F0F0,#F0F0F0,#F0F0F0,#F0F0F0,#F0F0F0,#F0F0F0
GCF_001746295.1,#F0F0F0,#d6ee9b,#F0F0F0,#F0F0F0,#bfe5a0,#F0F0F0,#F0F0F0,#F0F0F0,#F0F0F0,#F0F0F0,#F0F0F0,#F0F0F0,#F0F0F0,#F0F0F0,#F0F0F0,#F0F0F0
GCF_000349325.1,#a7dba4,#feec9f,#F0F0F0,#F0F0F0,#9fd8a4,#F0F0F0,#F0F0F0,#F0F0F0,#F0F0F0,#F0F0F0,#F0F0F0,#F0F0F0,#F0F0F0,#F0F0F0,#F0F0F0,#F0F0F0
GCF_900091315.1,#fa9656,#4471b2,#F0F0F0,#fffab6,#F0F0F0,#cd364d,#F0F0F0,#F0F0F0,#F0F0F0,#F0F0F0,#b61b48,#F0F0F0,#F0F0F0,#F0F0F0,#F0F0F0,#F0F0F0
GCF_014596915.1,#ad1246,#feec9f,#F0F0F0,#F0F0F0,#9fd8a4,#F0F0F0,#F0F0F0,#F0F0F0,#F0F0F0,#F0F0F0,#8fd2a4,#F0F0F0,#F0F0F0,#F0F0F0,#F0F0F0,#F0F0F0
GCF_004028635.1,#fa9656,#dd4a4c,#F0F0F0,#F0F0F0,#F0F0F0,#F0F0F0,#F0F0F0,#F0F0F0,#F0F0F0,#F0F0F0,#fdc776,#F0F0F0,#F0F0F0,#F0F0F0,#F0F0F0,#F0F0F0
GCF_001513975.1,#fed683,#d6ee9b,#F0F0F0,#F0F0F0,#F0F0F0,#fcaa5f,#F0F0F0,#4ba4b1,#F0F0F0,#F0F0F0,#F0F0F0,#F0F0F0,#F0F0F0,#F0F0F0,#F0F0F0,#F0F0F0
GCF_019049285.1,#ad1246,#feec9f,#F0F0F0,#F0F0F0,#f47044,#b8e2a1,#F0F0F0,#e6f598,#F0F0F0,#F0F0F0,#fdc776,#F0F0F0,#F0F0F0,#F0F0F0,#F0F0F0,#F0F0F0
GCF_001514235.1,#ad1246,#feec9f,#F0F0F0,#F0F0F0,#ab0f45,#49a2b2,#F0F0F0,#F0F0F0,#F0F0F0,#F0F0F0,#fdc776,#F0F0F0,#F0F0F0,#F0F0F0,#F0F0F0,#F0F0F0
GCF_003963535.1,#F0F0F0,#d6ee9b,#F0F0F0,#F0F0F0,#9fd8a4,#cd364d,#F0F0F0,#ffffbe,#F0F0F0,#F0F0F0,#F0F0F0,#F0F0F0,#F0F0F0,#F0F0F0,#F0F0F0,#F0F0F0
GCF_008704715.1,#F0F0F0,#feec9f,#F0F0F0,#F0F0F0,#F0F0F0,#F0F0F0,#F0F0F0,#F0F0F0,#F0F0F0,#F0F0F0,#F0F0F0,#F0F0F0,#F0F0F0,#F0F0F0,#F0F0F0,#F0F0F0
GCF_003977875.1,#ad1246,#feec9f,#F0F0F0,#F0F0F0,#9fd8a4,#49a2b2,#F0F0F0,#F0F0F0,#F0F0F0,#F0F0F0,#F0F0F0,#F0F0F0,#F0F0F0,#F0F0F0,#F0F0F0,#F0F0F0
GCF_000225525.1,#ad1246,#f98e52,#F0F0F0,#F0F0F0,#ab0f45,#49a2b2,#F0F0F0,#F0F0F0,#F0F0F0,#F0F0F0,#F0F0F0,#F0F0F0,#F0F0F0,#F0F0F0,#F0F0F0,#F0F0F0
GCF_008973465.1,#F0F0F0,#fed481,#F0F0F0,#F0F0F0,#F0F0F0,#cd364d,#F0F0F0,#ffffbe,#F0F0F0,#F0F0F0,#fdc776,#F0F0F0,#F0F0F0,#F0F0F0,#F0F0F0,#F0F0F0
GCF_002156055.1,#F0F0F0,#fed481,#F0F0F0,#F0F0F0,#F0F0F0,#cd364d,#F0F0F0,#F0F0F0,#F0F0F0,#F0F0F0,#fdc776,#F0F0F0,#F0F0F0,#F0F0F0,#F0F0F0,#F0F0F0
GCF_001509795.1,#F0F0F0,#fed481,#F0F0F0,#F0F0F0,#F0F0F0,#cd364d,#F0F0F0,#F0F0F0,#F0F0F0,#F0F0F0,#fdc776,#F0F0F0,#F0F0F0,#F0F0F0,#F0F0F0,#F0F0F0
GCF_003363195.1,#F0F0F0,#4471b2,#F0F0F0,#F0F0F0,#F0F0F0,#cd364d,#F0F0F0,#F0F0F0,#F0F0F0,#F0F0F0,#fdc776,#F0F0F0,#F0F0F0,#F0F0F0,#F0F0F0,#F0F0F0
GCF_008704575.1,#F0F0F0,#F0F0F0,#F0F0F0,#F0F0F0,#F0F0F0,#F0F0F0,#F0F0F0,#F0F0F0,#F0F0F0,#F0F0F0,#F0F0F0,#F0F0F0,#F0F0F0,#F0F0F0,#F0F0F0,#F0F0F0
GCF_009377175.1,#fee491,#feec9f,#F0F0F0,#F0F0F0,#F0F0F0,#F0F0F0,#F0F0F0,#F0F0F0,#F0F0F0,#F0F0F0,#F0F0F0,#F0F0F0,#F0F0F0,#F0F0F0,#F0F0F0,#F0F0F0
GCF_004364395.1,#F0F0F0,#c1274a,#fff3ac,#4175b4,#feeb9d,#daf09a,#F0F0F0,#F0F0F0,#f98e52,#F0F0F0,#F0F0F0,#F0F0F0,#F0F0F0,#F0F0F0,#F0F0F0,#F0F0F0
GCF_001746425.1,#F0F0F0,#c1274a,#7ccaa5,#F0F0F0,#F0F0F0,#525fa9,#F0F0F0,#F0F0F0,#F0F0F0,#F0F0F0,#F0F0F0,#F0F0F0,#F0F0F0,#F0F0F0,#F0F0F0,#F0F0F0
GCF_016755875.1,#F0F0F0,#5eb9a9,#F0F0F0,#4175b4,#feeb9d,#525fa9,#F0F0F0,#F0F0F0,#F0F0F0,#F0F0F0,#3880b9,#F0F0F0,#F0F0F0,#F0F0F0,#F0F0F0,#F0F0F0
GCF_000718935.1,#F0F0F0,#c1274a,#fdb163,#4175b4,#feeb9d,#525fa9,#F0F0F0,#F0F0F0,#F0F0F0,#F0F0F0,#3880b9,#F0F0F0,#F0F0F0,#F0F0F0,#F0F0F0,#F0F0F0
GCF_000716685.1,#F0F0F0,#c1274a,#F0F0F0,#4175b4,#feeb9d,#525fa9,#F0F0F0,#F0F0F0,#F0F0F0,#F0F0F0,#3880b9,#F0F0F0,#F0F0F0,#F0F0F0,#F0F0F0,#F0F0F0
GCF_000718955.1,#F0F0F0,#c1274a,#F0F0F0,#4175b4,#F0F0F0,#525fa9,#F0F0F0,#F0F0F0,#F0F0F0,#F0F0F0,#3880b9,#F0F0F0,#F0F0F0,#F0F0F0,#F0F0F0,#F0F0F0
GCF_017639205.1,#F0F0F0,#5eb9a9,#F0F0F0,#4175b4,#F0F0F0,#525fa9,#F0F0F0,#F0F0F0,#F0F0F0,#F0F0F0,#3880b9,#F0F0F0,#F0F0F0,#F0F0F0,#F0F0F0,#F0F0F0
GCF_008642275.1,#F0F0F0,#5eb9a9,#F0F0F0,#F0F0F0,#feeb9d,#525fa9,#F0F0F0,#F0F0F0,#F0F0F0,#F0F0F0,#3880b9,#F0F0F0,#F0F0F0,#F0F0F0,#F0F0F0,#F0F0F0
GCF_002080455.1,#F0F0F0,#c1274a,#F0F0F0,#F0F0F0,#F0F0F0,#F0F0F0,#F0F0F0,#F0F0F0,#f98e52,#F0F0F0,#3880b9,#F0F0F0,#F0F0F0,#F0F0F0,#F0F0F0,#F0F0F0
GCF_017876235.1,#F0F0F0,#5eb9a9,#F0F0F0,#99d6a4,#545ca8,#daf09a,#F0F0F0,#F0F0F0,#F0F0F0,#F0F0F0,#F0F0F0,#F0F0F0,#a7dba4,#F0F0F0,#F0F0F0,#F0F0F0
GCF_001941845.1,#3880b9,#5eb9a9,#F0F0F0,#4175b4,#F0F0F0,#daf09a,#F0F0F0,#d43d4f,#F0F0F0,#c72e4c,#F0F0F0,#F0F0F0,#F0F0F0,#F0F0F0,#F0F0F0,#F0F0F0
GCF_000725555.1,#F0F0F0,#5eb9a9,#fff3ac,#99d6a4,#545ca8,#daf09a,#F0F0F0,#F0F0F0,#F0F0F0,#c72e4c,#F0F0F0,#F0F0F0,#F0F0F0,#F0F0F0,#F0F0F0,#F0F0F0
GCF_004795115.1,#F0F0F0,#5eb9a9,#7ccaa5,#4175b4,#545ca8,#daf09a,#F0F0F0,#F0F0F0,#F0F0F0,#F0F0F0,#3880b9,#F0F0F0,#F0F0F0,#F0F0F0,#F0F0F0,#F0F0F0
GCF_000612545.2,#cd364d,#5eb9a9,#F0F0F0,#99d6a4,#545ca8,#daf09a,#F0F0F0,#F0F0F0,#F0F0F0,#c72e4c,#F0F0F0,#F0F0F0,#4471b2,#F0F0F0,#F0F0F0,#F0F0F0
GCF_001953875.1,#F0F0F0,#5eb9a9,#F0F0F0,#99d6a4,#545ca8,#daf09a,#F0F0F0,#F0F0F0,#F0F0F0,#c72e4c,#F0F0F0,#F0F0F0,#a7dba4,#F0F0F0,#F0F0F0,#F0F0F0
GCF_000725805.1,#F0F0F0,#c1274a,#F0F0F0,#4175b4,#F0F0F0,#525fa9,#F0F0F0,#F0F0F0,#F0F0F0,#F0F0F0,#3880b9,#F0F0F0,#F0F0F0,#F0F0F0,#F0F0F0,#F0F0F0
GCF_008704535.1,#F0F0F0,#c1274a,#7ccaa5,#4175b4,#F0F0F0,#525fa9,#F0F0F0,#F0F0F0,#F0F0F0,#F0F0F0,#F0F0F0,#F0F0F0,#F0F0F0,#F0F0F0,#F0F0F0,#F0F0F0
GCF_000966975.1,#F0F0F0,#5eb9a9,#F0F0F0,#F0F0F0,#F0F0F0,#F0F0F0,#F0F0F0,#d43d4f,#F0F0F0,#F0F0F0,#F0F0F0,#F0F0F0,#a7dba4,#F0F0F0,#F0F0F0,#F0F0F0
GCF_002028425.1,#F0F0F0,#5eb9a9,#F0F0F0,#F0F0F0,#F0F0F0,#F0F0F0,#F0F0F0,#d43d4f,#F0F0F0,#c72e4c,#F0F0F0,#F0F0F0,#F0F0F0,#F0F0F0,#F0F0F0,#F0F0F0
GCF_003949875.1,#3880b9,#c1274a,#F0F0F0,#99d6a4,#F0F0F0,#daf09a,#F0F0F0,#F0F0F0,#F0F0F0,#c72e4c,#F0F0F0,#F0F0F0,#F0F0F0,#F0F0F0,#F0F0F0,#F0F0F0
GCF_003950035.1,#3880b9,#c1274a,#F0F0F0,#99d6a4,#F0F0F0,#daf09a,#F0F0F0,#F0F0F0,#F0F0F0,#c72e4c,#F0F0F0,#F0F0F0,#F0F0F0,#F0F0F0,#F0F0F0,#F0F0F0
GCF_000718155.1,#3880b9,#c1274a,#fdb163,#4175b4,#545ca8,#525fa9,#F0F0F0,#F0F0F0,#F0F0F0,#F0F0F0,#3880b9,#F0F0F0,#4471b2,#F0F0F0,#F0F0F0,#F0F0F0
GCF_000384175.1,#F0F0F0,#5eb9a9,#F0F0F0,#F0F0F0,#F0F0F0,#F0F0F0,#F0F0F0,#F0F0F0,#F0F0F0,#F0F0F0,#F0F0F0,#F0F0F0,#F0F0F0,#F0F0F0,#F0F0F0,#F0F0F0
GCF_003752205.1,#4471b2,#5eb9a9,#F0F0F0,#F0F0F0,#F0F0F0,#fee491,#F0F0F0,#F0F0F0,#F0F0F0,#F0F0F0,#F0F0F0,#F0F0F0,#F0F0F0,#F0F0F0,#F0F0F0,#F0F0F0
GCF_000830005.1,#cd364d,#5eb9a9,#F0F0F0,#F0F0F0,#F0F0F0,#fee491,#F0F0F0,#F0F0F0,#F0F0F0,#F0F0F0,#F0F0F0,#F0F0F0,#F0F0F0,#F0F0F0,#F0F0F0,#F0F0F0
GCF_009872515.1,#4471b2,#5eb9a9,#F0F0F0,#F0F0F0,#F0F0F0,#f47044,#F0F0F0,#F0F0F0,#F0F0F0,#F0F0F0,#F0F0F0,#F0F0F0,#F0F0F0,#F0F0F0,#F0F0F0,#F0F0F0
GCF_003949805.1,#4471b2,#5eb9a9,#F0F0F0,#F0F0F0,#F0F0F0,#fee491,#F0F0F0,#F0F0F0,#F0F0F0,#F0F0F0,#F0F0F0,#F0F0F0,#F0F0F0,#F0F0F0,#F0F0F0,#F0F0F0
GCF_014197485.1,#4471b2,#5eb9a9,#F0F0F0,#F0F0F0,#F0F0F0,#fee491,#F0F0F0,#F0F0F0,#F0F0F0,#F0F0F0,#F0F0F0,#F0F0F0,#F0F0F0,#F0F0F0,#F0F0F0,#F0F0F0
GCF_000716625.1,#4471b2,#5eb9a9,#F0F0F0,#F0F0F0,#F0F0F0,#fee491,#F0F0F0,#F0F0F0,#F0F0F0,#F0F0F0,#F0F0F0,#F0F0F0,#F0F0F0,#F0F0F0,#F0F0F0,#F0F0F0
GCF_000725545.1,#F0F0F0,#5eb9a9,#F0F0F0,#F0F0F0,#F0F0F0,#fee491,#F0F0F0,#F0F0F0,#F0F0F0,#F0F0F0,#F0F0F0,#F0F0F0,#F0F0F0,#F0F0F0,#F0F0F0,#F0F0F0
GCF_008042145.1,#F0F0F0,#5eb9a9,#F0F0F0,#F0F0F0,#F0F0F0,#fee491,#F0F0F0,#F0F0F0,#F0F0F0,#F0F0F0,#F0F0F0,#F0F0F0,#F0F0F0,#F0F0F0,#F0F0F0,#F0F0F0
GCF_017877015.1,#F0F0F0,#5eb9a9,#F0F0F0,#F0F0F0,#F0F0F0,#fee491,#F0F0F0,#F0F0F0,#F0F0F0,#F0F0F0,#F0F0F0,#F0F0F0,#F0F0F0,#F0F0F0,#F0F0F0,#F0F0F0
GCF_001418135.1,#F0F0F0,#5eb9a9,#F0F0F0,#F0F0F0,#F0F0F0,#fee491,#F0F0F0,#F0F0F0,#F0F0F0,#F0F0F0,#F0F0F0,#F0F0F0,#F0F0F0,#F0F0F0,#F0F0F0,#F0F0F0
GCF_000717595.1,#F0F0F0,#5eb9a9,#F0F0F0,#F0F0F0,#F0F0F0,#fee491,#F0F0F0,#F0F0F0,#F0F0F0,#F0F0F0,#F0F0F0,#F0F0F0,#F0F0F0,#F0F0F0,#F0F0F0,#F0F0F0
GCF_008639165.1,#4471b2,#5eb9a9,#F0F0F0,#F0F0F0,#F0F0F0,#fee491,#F0F0F0,#F0F0F0,#F0F0F0,#F0F0F0,#F0F0F0,#F0F0F0,#F0F0F0,#F0F0F0,#F0F0F0,#F0F0F0
GCF_001270515.1,#F0F0F0,#5eb9a9,#F0F0F0,#F0F0F0,#F0F0F0,#fee491,#F0F0F0,#F0F0F0,#F0F0F0,#F0F0F0,#F0F0F0,#F0F0F0,#F0F0F0,#F0F0F0,#F0F0F0,#F0F0F0
GCF_006539185.1,#F0F0F0,#5eb9a9,#F0F0F0,#F0F0F0,#F0F0F0,#fee491,#F0F0F0,#F0F0F0,#F0F0F0,#F0F0F0,#F0F0F0,#F0F0F0,#F0F0F0,#F0F0F0,#F0F0F0,#F0F0F0
GCF_008642375.1,#F0F0F0,#5eb9a9,#F0F0F0,#F0F0F0,#F0F0F0,#fee491,#F0F0F0,#F0F0F0,#F0F0F0,#F0F0F0,#F0F0F0,#F0F0F0,#F0F0F0,#F0F0F0,#F0F0F0,#F0F0F0
GCF_014650895.1,#4471b2,#5eb9a9,#F0F0F0,#F0F0F0,#F0F0F0,#fee491,#F0F0F0,#F0F0F0,#F0F0F0,#F0F0F0,#F0F0F0,#F0F0F0,#F0F0F0,#F0F0F0,#F0F0F0,#F0F0F0
GCF_000719555.1,#4471b2,#c1274a,#F0F0F0,#F0F0F0,#F0F0F0,#fee491,#F0F0F0,#F0F0F0,#F0F0F0,#F0F0F0,#F0F0F0,#F0F0F0,#F0F0F0,#F0F0F0,#F0F0F0,#F0F0F0
GCF_014656075.1,#F0F0F0,#5eb9a9,#F0F0F0,#F0F0F0,#F0F0F0,#F0F0F0,#F0F0F0,#F0F0F0,#F0F0F0,#F0F0F0,#F0F0F0,#F0F0F0,#F0F0F0,#F0F0F0,#F0F0F0,#F0F0F0
GCF_012927245.1,#4471b2,#5eb9a9,#F0F0F0,#F0F0F0,#F0F0F0,#f47044,#F0F0F0,#F0F0F0,#F0F0F0,#F0F0F0,#F0F0F0,#F0F0F0,#F0F0F0,#F0F0F0,#F0F0F0,#F0F0F0
GCF_000718525.1,#F0F0F0,#5eb9a9,#F0F0F0,#F0F0F0,#F0F0F0,#fee491,#F0F0F0,#F0F0F0,#F0F0F0,#F0F0F0,#F0F0F0,#F0F0F0,#F0F0F0,#F0F0F0,#F0F0F0,#F0F0F0
GCF_008634015.1,#F0F0F0,#5eb9a9,#F0F0F0,#F0F0F0,#F0F0F0,#fee491,#F0F0F0,#F0F0F0,#F0F0F0,#F0F0F0,#F0F0F0,#F0F0F0,#F0F0F0,#F0F0F0,#F0F0F0,#F0F0F0
GCF_004117935.1,#F0F0F0,#b1dfa3,#F0F0F0,#F0F0F0,#F0F0F0,#F0F0F0,#F0F0F0,#F0F0F0,#F0F0F0,#F0F0F0,#F0F0F0,#F0F0F0,#F0F0F0,#F0F0F0,#F0F0F0,#F0F0F0
GCF_015912975.1,#F0F0F0,#5eb9a9,#F0F0F0,#F0F0F0,#F0F0F0,#F0F0F0,#F0F0F0,#F0F0F0,#F0F0F0,#F0F0F0,#F0F0F0,#F0F0F0,#F0F0F0,#F0F0F0,#F0F0F0,#F0F0F0
GCF_009832925.1,#F0F0F0,#5eb9a9,#F0F0F0,#F0F0F0,#F0F0F0,#F0F0F0,#F0F0F0,#F0F0F0,#F0F0F0,#F0F0F0,#F0F0F0,#F0F0F0,#F0F0F0,#F0F0F0,#F0F0F0,#F0F0F0
GCF_001278075.1,#F0F0F0,#5eb9a9,#F0F0F0,#F0F0F0,#F0F0F0,#F0F0F0,#F0F0F0,#F0F0F0,#F0F0F0,#F0F0F0,#F0F0F0,#F0F0F0,#F0F0F0,#F0F0F0,#F0F0F0,#F0F0F0
GCF_008039505.1,#5ab4ab,#5eb9a9,#F0F0F0,#F0F0F0,#F0F0F0,#daf09a,#F0F0F0,#F0F0F0,#F0F0F0,#F0F0F0,#F0F0F0,#F0F0F0,#F0F0F0,#F0F0F0,#F0F0F0,#F0F0F0
GCF_001723075.1,#F0F0F0,#5eb9a9,#F0F0F0,#F0F0F0,#F0F0F0,#daf09a,#F0F0F0,#F0F0F0,#F0F0F0,#F0F0F0,#F0F0F0,#F0F0F0,#F0F0F0,#F0F0F0,#F0F0F0,#F0F0F0
GCF_004563805.1,#F0F0F0,#5eb9a9,#F0F0F0,#F0F0F0,#F0F0F0,#daf09a,#F0F0F0,#F0F0F0,#F0F0F0,#F0F0F0,#F0F0F0,#F0F0F0,#F0F0F0,#F0F0F0,#F0F0F0,#F0F0F0
GCF_004151105.1,#F0F0F0,#5eb9a9,#F0F0F0,#F0F0F0,#F0F0F0,#F0F0F0,#F0F0F0,#F0F0F0,#F0F0F0,#F0F0F0,#F0F0F0,#F0F0F0,#F0F0F0,#F0F0F0,#F0F0F0,#F0F0F0
GCF_000718095.1,#F0F0F0,#5eb9a9,#F0F0F0,#F0F0F0,#F0F0F0,#F0F0F0,#F0F0F0,#F0F0F0,#F0F0F0,#F0F0F0,#F0F0F0,#F0F0F0,#F0F0F0,#F0F0F0,#F0F0F0,#F0F0F0
GCF_900119365.1,#3b92b9,#c1274a,#f6fbb0,#F0F0F0,#F0F0F0,#F0F0F0,#F0F0F0,#F0F0F0,#F0F0F0,#F0F0F0,#71c6a5,#F0F0F0,#F0F0F0,#F0F0F0,#F0F0F0,#F0F0F0
GCF_014649535.1,#3b92b9,#c1274a,#F0F0F0,#F0F0F0,#F0F0F0,#F0F0F0,#F0F0F0,#fff0a6,#F0F0F0,#F0F0F0,#F0F0F0,#F0F0F0,#F0F0F0,#F0F0F0,#F0F0F0,#F0F0F0
GCF_009863125.1,#3b92b9,#c1274a,#F0F0F0,#F0F0F0,#F0F0F0,#F0F0F0,#F0F0F0,#fff0a6,#F0F0F0,#F0F0F0,#F0F0F0,#F0F0F0,#F0F0F0,#F0F0F0,#F0F0F0,#F0F0F0
GCF_014648655.1,#3b92b9,#c1274a,#F0F0F0,#F0F0F0,#F0F0F0,#F0F0F0,#F0F0F0,#F0F0F0,#F0F0F0,#F0F0F0,#71c6a5,#F0F0F0,#F0F0F0,#F0F0F0,#F0F0F0,#F0F0F0
GCF_004125315.1,#F0F0F0,#5eb9a9,#F0F0F0,#F0F0F0,#F0F0F0,#525fa9,#F0F0F0,#aadca4,#F0F0F0,#F0F0F0,#71c6a5,#F0F0F0,#F0F0F0,#F0F0F0,#F0F0F0,#F0F0F0
GCF_002941025.1,#525fa9,#5eb9a9,#F0F0F0,#F0F0F0,#F0F0F0,#525fa9,#F0F0F0,#aadca4,#F0F0F0,#F0F0F0,#F0F0F0,#F0F0F0,#F0F0F0,#edf8a3,#F0F0F0,#F0F0F0
GCF_001294345.1,#3b92b9,#5eb9a9,#F0F0F0,#F0F0F0,#F0F0F0,#525fa9,#F0F0F0,#F0F0F0,#F0F0F0,#F0F0F0,#F0F0F0,#F0F0F0,#F0F0F0,#F0F0F0,#F0F0F0,#F0F0F0
GCF_016909575.1,#5ab4ab,#5eb9a9,#F0F0F0,#F0F0F0,#e55749,#F0F0F0,#F0F0F0,#F0F0F0,#F0F0F0,#F0F0F0,#71c6a5,#F0F0F0,#F0F0F0,#F0F0F0,#F0F0F0,#F0F0F0
GCF_000364805.1,#F0F0F0,#5eb9a9,#3d79b6,#F0F0F0,#eff9a6,#525fa9,#F0F0F0,#F0F0F0,#F0F0F0,#F0F0F0,#71c6a5,#F0F0F0,#F0F0F0,#F0F0F0,#F0F0F0,#F0F0F0
GCF_000717025.1,#525fa9,#5eb9a9,#F0F0F0,#F0F0F0,#eff9a6,#525fa9,#F0F0F0,#aadca4,#F0F0F0,#F0F0F0,#F0F0F0,#F0F0F0,#F0F0F0,#F0F0F0,#F0F0F0,#F0F0F0
GCF_001905505.1,#F0F0F0,#5eb9a9,#f6fbb0,#fbfdb8,#F0F0F0,#525fa9,#F0F0F0,#aadca4,#F0F0F0,#F0F0F0,#71c6a5,#F0F0F0,#F0F0F0,#F0F0F0,#F0F0F0,#F0F0F0
GCF_008704555.1,#F0F0F0,#5eb9a9,#F0F0F0,#fbfdb8,#F0F0F0,#F0F0F0,#F0F0F0,#fff0a6,#F0F0F0,#F0F0F0,#feeb9d,#ed6246,#F0F0F0,#F0F0F0,#F0F0F0,#F0F0F0
GCF_000698495.1,#F0F0F0,#5eb9a9,#c72e4c,#F0F0F0,#F0F0F0,#F0F0F0,#F0F0F0,#F0F0F0,#F0F0F0,#F0F0F0,#feeb9d,#F0F0F0,#F0F0F0,#F0F0F0,#F0F0F0,#F0F0F0
GCF_900095575.1,#525fa9,#5eb9a9,#3d79b6,#fbfdb8,#fff3ac,#F0F0F0,#F0F0F0,#aadca4,#F0F0F0,#F0F0F0,#feeb9d,#ed6246,#F0F0F0,#edf8a3,#F0F0F0,#F0F0F0
GCF_013409565.1,#F0F0F0,#5eb9a9,#F0F0F0,#F0F0F0,#F0F0F0,#525fa9,#F0F0F0,#F0F0F0,#F0F0F0,#F0F0F0,#F0F0F0,#F0F0F0,#F0F0F0,#F0F0F0,#F0F0F0,#F0F0F0
GCF_013364315.1,#F0F0F0,#c1274a,#F0F0F0,#F0F0F0,#F0F0F0,#F0F0F0,#F0F0F0,#fff0a6,#F0F0F0,#F0F0F0,#F0F0F0,#F0F0F0,#F0F0F0,#F0F0F0,#F0F0F0,#F0F0F0
GCF_009863145.1,#F0F0F0,#c1274a,#F0F0F0,#F0F0F0,#F0F0F0,#F0F0F0,#F0F0F0,#F0F0F0,#F0F0F0,#F0F0F0,#71c6a5,#F0F0F0,#F0F0F0,#F0F0F0,#F0F0F0,#F0F0F0
GCF_003610995.1,#F0F0F0,#c1274a,#F0F0F0,#F0F0F0,#F0F0F0,#525fa9,#F0F0F0,#fff0a6,#F0F0F0,#F0F0F0,#71c6a5,#F0F0F0,#F0F0F0,#F0F0F0,#F0F0F0,#F0F0F0
GCF_010548165.1,#F0F0F0,#c1274a,#F0F0F0,#F0F0F0,#F0F0F0,#F0F0F0,#F0F0F0,#F0F0F0,#F0F0F0,#F0F0F0,#F0F0F0,#F0F0F0,#F0F0F0,#F0F0F0,#F0F0F0,#F0F0F0
GCF_002094995.1,#525fa9,#fdb567,#F0F0F0,#F0F0F0,#F0F0F0,#525fa9,#F0F0F0,#F0F0F0,#F0F0F0,#F0F0F0,#feeb9d,#F0F0F0,#F0F0F0,#F0F0F0,#F0F0F0,#F0F0F0
GCF_004000405.1,#525fa9,#fdb567,#F0F0F0,#F0F0F0,#F0F0F0,#525fa9,#F0F0F0,#F0F0F0,#F0F0F0,#F0F0F0,#F0F0F0,#F0F0F0,#F0F0F0,#F0F0F0,#F0F0F0,#F0F0F0
GCF_002382885.1,#525fa9,#c1274a,#F0F0F0,#F0F0F0,#fff3ac,#F0F0F0,#F0F0F0,#fff0a6,#F0F0F0,#F0F0F0,#71c6a5,#F0F0F0,#F0F0F0,#F0F0F0,#F0F0F0,#F0F0F0
GCF_000010605.1,#F0F0F0,#c1274a,#F0F0F0,#F0F0F0,#fff3ac,#F0F0F0,#F0F0F0,#F0F0F0,#F0F0F0,#F0F0F0,#feeb9d,#F0F0F0,#F0F0F0,#F0F0F0,#F0F0F0,#F0F0F0
GCF_018619185.1,#F0F0F0,#c1274a,#c72e4c,#F0F0F0,#F0F0F0,#F0F0F0,#F0F0F0,#F0F0F0,#F0F0F0,#F0F0F0,#F0F0F0,#F0F0F0,#F0F0F0,#F0F0F0,#F0F0F0,#F0F0F0
GCF_001434355.1,#F0F0F0,#c1274a,#F0F0F0,#F0F0F0,#F0F0F0,#F0F0F0,#F0F0F0,#fff0a6,#F0F0F0,#F0F0F0,#71c6a5,#F0F0F0,#F0F0F0,#F0F0F0,#F0F0F0,#F0F0F0
GCF_002910905.1,#F0F0F0,#c1274a,#F0F0F0,#F0F0F0,#eff9a6,#F0F0F0,#F0F0F0,#F0F0F0,#F0F0F0,#F0F0F0,#F0F0F0,#F0F0F0,#F0F0F0,#F0F0F0,#F0F0F0,#F0F0F0
GCF_002551175.1,#F0F0F0,#c1274a,#3d79b6,#F0F0F0,#F0F0F0,#F0F0F0,#F0F0F0,#fff0a6,#F0F0F0,#F0F0F0,#feeb9d,#F0F0F0,#F0F0F0,#F0F0F0,#F0F0F0,#F0F0F0
GCF_001746305.1,#525fa9,#c1274a,#F0F0F0,#F0F0F0,#fff3ac,#F0F0F0,#F0F0F0,#fff0a6,#F0F0F0,#F0F0F0,#F0F0F0,#F0F0F0,#F0F0F0,#F0F0F0,#F0F0F0,#F0F0F0
GCF_000261345.2,#F0F0F0,#c1274a,#3d79b6,#F0F0F0,#F0F0F0,#F0F0F0,#F0F0F0,#fff0a6,#F0F0F0,#F0F0F0,#feeb9d,#F0F0F0,#F0F0F0,#F0F0F0,#F0F0F0,#F0F0F0
GCF_000718455.1,#525fa9,#c1274a,#F0F0F0,#F0F0F0,#e55749,#F0F0F0,#F0F0F0,#fff0a6,#F0F0F0,#F0F0F0,#feeb9d,#F0F0F0,#F0F0F0,#F0F0F0,#F0F0F0,#F0F0F0
GCF_016901035.1,#F0F0F0,#5eb9a9,#3d79b6,#F0F0F0,#F0F0F0,#F0F0F0,#F0F0F0,#fff0a6,#F0F0F0,#F0F0F0,#F0F0F0,#F0F0F0,#F0F0F0,#F0F0F0,#F0F0F0,#F0F0F0
GCF_016906245.1,#525fa9,#fdb567,#F0F0F0,#F0F0F0,#F0F0F0,#F0F0F0,#F0F0F0,#fff0a6,#F0F0F0,#F0F0F0,#feeb9d,#F0F0F0,#F0F0F0,#F0F0F0,#F0F0F0,#F0F0F0
GCF_001905905.1,#525fa9,#fdb567,#F0F0F0,#F0F0F0,#F0F0F0,#F0F0F0,#F0F0F0,#fff0a6,#F0F0F0,#F0F0F0,#feeb9d,#F0F0F0,#F0F0F0,#F0F0F0,#F0F0F0,#F0F0F0
GCF_002551145.1,#F0F0F0,#c1274a,#F0F0F0,#F0F0F0,#fff3ac,#F0F0F0,#F0F0F0,#fff0a6,#F0F0F0,#F0F0F0,#71c6a5,#F0F0F0,#F0F0F0,#F0F0F0,#F0F0F0,#F0F0F0
